thr_100;thr_120;thr_140;thr_160;thr_180;thr_200;thr_220;thr_240;
0.148815;0.010352;0.006217;0.001898;0.000319;0.000000;0.000000;0.000000;
0.831061;0.789997;0.595433;0.427113;0.147620;0.026237;0.009134;0.002956;
0.844079;0.806898;0.673434;0.527409;0.266735;0.070238;0.010550;0.003704;
0.837777;0.801247;0.644238;0.508245;0.233574;0.053919;0.008438;0.003213;
0.837640;0.800723;0.640602;0.503519;0.230947;0.052689;0.008304;0.003190;
0.836100;0.799642;0.635238;0.495713;0.217887;0.049053;0.008324;0.003138;
0.836953;0.799876;0.637923;0.494388;0.218542;0.050687;0.008255;0.003112;
0.840179;0.801331;0.650732;0.498288;0.217884;0.052764;0.008219;0.003021;
0.838177;0.801348;0.653936;0.502673;0.229482;0.055361;0.008451;0.003132;
0.838493;0.802887;0.647939;0.497786;0.214404;0.051081;0.008333;0.002985;
0.855990;0.806820;0.647383;0.492539;0.213086;0.049443;0.008242;0.002952;
0.840501;0.801888;0.664245;0.502773;0.228184;0.049544;0.008701;0.003083;
0.837067;0.800934;0.646826;0.508861;0.221631;0.056800;0.008643;0.003001;
0.836790;0.801253;0.648913;0.509818;0.215426;0.050729;0.008877;0.003024;
0.838366;0.801800;0.640443;0.502562;0.233949;0.052607;0.008298;0.002926;
0.838229;0.799954;0.641110;0.504567;0.224268;0.046709;0.008164;0.002939;
0.837096;0.800928;0.647031;0.502152;0.213223;0.046009;0.008802;0.003105;
0.839938;0.804935;0.648949;0.510485;0.219779;0.052699;0.008910;0.002998;
0.849307;0.810433;0.652080;0.512507;0.226074;0.049860;0.008317;0.003037;
0.838646;0.800205;0.638555;0.513704;0.247725;0.057148;0.008799;0.003177;
0.844170;0.801491;0.640426;0.508415;0.253906;0.057126;0.008727;0.003271;
0.845026;0.804756;0.644102;0.519880;0.232500;0.048161;0.008473;0.003031;
0.842233;0.803594;0.647116;0.513376;0.222041;0.040973;0.008327;0.003141;
0.839355;0.800752;0.636032;0.503965;0.216764;0.039229;0.008219;0.003034;
0.849980;0.805664;0.631533;0.505342;0.208857;0.039196;0.008574;0.003268;
0.838018;0.800413;0.633493;0.504460;0.203903;0.038382;0.008405;0.003265;
0.853320;0.807607;0.650726;0.527344;0.228981;0.044391;0.008779;0.003317;
0.841468;0.806064;0.682796;0.525879;0.221305;0.043467;0.008812;0.003229;
0.840257;0.803776;0.652288;0.510898;0.217256;0.046650;0.008701;0.003268;
0.847148;0.806380;0.663766;0.525690;0.250762;0.056344;0.009339;0.003376;
0.839788;0.802829;0.645163;0.509831;0.217523;0.044222;0.008717;0.003311;
0.838857;0.801595;0.641234;0.510365;0.232725;0.044443;0.008714;0.003411;
0.843532;0.804115;0.644281;0.511605;0.241602;0.047640;0.008643;0.003294;
0.842708;0.802826;0.650267;0.522461;0.240762;0.043831;0.008773;0.003210;
0.839238;0.801735;0.637936;0.524375;0.239779;0.046309;0.008913;0.003174;
0.838265;0.800687;0.652793;0.530944;0.237350;0.046107;0.009251;0.003454;
0.837946;0.801139;0.650641;0.524486;0.246660;0.050062;0.009261;0.003424;
0.843044;0.807972;0.659495;0.536090;0.258805;0.050837;0.009137;0.003402;
0.846976;0.809753;0.670937;0.531615;0.247103;0.048701;0.008991;0.003415;
0.858122;0.819115;0.691527;0.534089;0.310928;0.088398;0.012194;0.003398;
0.863792;0.822490;0.692676;0.545954;0.285876;0.064759;0.011110;0.003623;
0.857539;0.817855;0.681221;0.544896;0.274053;0.057448;0.011419;0.003701;
0.863776;0.821204;0.680169;0.545710;0.279414;0.058672;0.010531;0.003867;
0.855687;0.809160;0.665664;0.539440;0.298102;0.055241;0.010882;0.004590;
0.851660;0.811211;0.684268;0.544967;0.265179;0.049867;0.011992;0.004824;
0.856051;0.817842;0.681995;0.538053;0.256243;0.054222;0.011589;0.004652;
0.846325;0.810316;0.669860;0.544814;0.267780;0.059121;0.010846;0.004626;
0.850729;0.809535;0.675918;0.536390;0.272129;0.059932;0.012848;0.004860;
0.854958;0.811051;0.671263;0.534557;0.265671;0.051784;0.011982;0.004883;
0.850605;0.809079;0.663216;0.530254;0.277376;0.060957;0.010755;0.004733;
0.868613;0.828685;0.699564;0.547923;0.287546;0.058643;0.011898;0.004564;
0.851178;0.817539;0.666048;0.552282;0.306328;0.057829;0.012116;0.004814;
0.847171;0.810247;0.672438;0.542962;0.255817;0.050192;0.011654;0.004795;
0.853405;0.815397;0.676149;0.526611;0.255667;0.052067;0.012083;0.004821;
0.851598;0.810889;0.678327;0.533792;0.263226;0.049766;0.011657;0.004759;
0.853900;0.813913;0.681849;0.544281;0.270911;0.062253;0.012562;0.004753;
0.848473;0.810742;0.672669;0.547262;0.263262;0.050801;0.011657;0.004909;
0.851136;0.814661;0.672897;0.545560;0.293669;0.061898;0.012298;0.004883;
0.848174;0.808766;0.663665;0.548538;0.293802;0.054297;0.012158;0.004870;
0.855911;0.814300;0.690602;0.547995;0.283786;0.058477;0.011667;0.004775;
0.859085;0.818200;0.684749;0.549421;0.280700;0.053180;0.011393;0.004779;
0.847474;0.813919;0.674508;0.538714;0.273141;0.050716;0.011442;0.004564;
0.846533;0.813900;0.664515;0.535329;0.259710;0.048490;0.012087;0.004873;
0.851628;0.816729;0.669476;0.538734;0.270602;0.049632;0.011488;0.004697;
0.844066;0.804736;0.676292;0.537266;0.276432;0.053799;0.011133;0.004525;
0.848252;0.810368;0.677106;0.544053;0.282741;0.062445;0.011667;0.004678;
0.865345;0.822822;0.699108;0.574105;0.324538;0.091107;0.012640;0.004518;
0.857734;0.815221;0.705605;0.573750;0.332210;0.083610;0.011934;0.004613;
0.860016;0.819297;0.718385;0.581904;0.331006;0.077380;0.012396;0.004453;
0.858216;0.818242;0.691823;0.556543;0.341354;0.091195;0.013437;0.004818;
0.874010;0.826722;0.726136;0.589284;0.369570;0.096680;0.013184;0.004749;
0.870645;0.828073;0.730042;0.589720;0.339225;0.083753;0.013643;0.004349;
0.875107;0.828662;0.709378;0.575026;0.304671;0.061234;0.011969;0.004587;
0.862350;0.821605;0.690967;0.546647;0.290960;0.068187;0.011777;0.004215;
0.861686;0.819928;0.693148;0.543275;0.301647;0.060492;0.011120;0.004173;
0.872510;0.819756;0.687767;0.554251;0.286725;0.075876;0.011126;0.004212;
0.854655;0.813014;0.692839;0.551523;0.303825;0.069912;0.012090;0.004316;
0.843249;0.809486;0.668662;0.533278;0.256504;0.054284;0.011283;0.004271;
0.845088;0.807458;0.655052;0.517165;0.250176;0.052949;0.011117;0.004382;
0.842435;0.805557;0.645612;0.517292;0.242363;0.047751;0.011130;0.004499;
0.841947;0.805573;0.634824;0.513766;0.222835;0.044069;0.011351;0.004661;
0.841221;0.803737;0.632259;0.515020;0.230013;0.045010;0.011377;0.004635;
0.838040;0.802135;0.631396;0.514847;0.232236;0.045885;0.011390;0.004619;
0.837005;0.802155;0.630033;0.508607;0.224349;0.047588;0.011481;0.004544;
0.839085;0.804189;0.649906;0.522663;0.238102;0.052148;0.011579;0.004525;
0.838825;0.802982;0.642021;0.513620;0.229554;0.047998;0.011253;0.004512;
0.841917;0.806152;0.651455;0.520088;0.227484;0.046833;0.011038;0.004333;
0.847917;0.808311;0.653919;0.511868;0.228714;0.046377;0.011025;0.004222;
0.845726;0.807087;0.658451;0.514818;0.221374;0.048457;0.011084;0.004349;
0.844124;0.807949;0.650443;0.527067;0.229629;0.044098;0.010970;0.004430;
0.847529;0.808311;0.651849;0.528223;0.244515;0.052393;0.010954;0.004342;
0.843825;0.808564;0.657549;0.532119;0.226328;0.048203;0.011032;0.004437;
0.859105;0.813415;0.673027;0.534157;0.291947;0.058141;0.011862;0.004248;
0.853366;0.806989;0.664928;0.531071;0.245830;0.048968;0.011667;0.004443;
0.865117;0.812552;0.686055;0.547695;0.232878;0.049580;0.011826;0.004564;
0.851497;0.814782;0.685137;0.537633;0.267350;0.061074;0.013239;0.004587;
0.852799;0.812474;0.672451;0.543141;0.294378;0.069977;0.011680;0.004694;
0.864108;0.818483;0.697832;0.558118;0.340348;0.086133;0.013382;0.004609;
0.860977;0.817965;0.699111;0.564440;0.327663;0.087135;0.012809;0.004574;
0.863841;0.819587;0.707969;0.561195;0.314740;0.060270;0.012165;0.004993;
0.865739;0.825885;0.696266;0.555055;0.327480;0.069909;0.013011;0.005107;
0.855928;0.819167;0.687015;0.561680;0.344541;0.082650;0.014209;0.005264;
0.854046;0.815843;0.686240;0.555755;0.303688;0.068418;0.014040;0.005589;
0.864281;0.816901;0.686497;0.555098;0.285456;0.058952;0.013118;0.005283;
0.860729;0.822064;0.688372;0.559245;0.292054;0.072702;0.013265;0.005352;
0.874772;0.825283;0.688265;0.553965;0.269238;0.053346;0.013382;0.005618;
0.862533;0.821807;0.703294;0.566276;0.285127;0.060368;0.013607;0.005296;
0.859401;0.819844;0.708118;0.570352;0.308708;0.060599;0.013561;0.005426;
0.847832;0.813177;0.682777;0.552266;0.299007;0.062044;0.013105;0.005628;
0.856159;0.814922;0.682715;0.546637;0.290335;0.058027;0.012565;0.005371;
0.850182;0.810150;0.680514;0.537305;0.276914;0.062568;0.013483;0.005771;
0.843633;0.810856;0.666243;0.540999;0.267624;0.053626;0.013441;0.005983;
0.846650;0.813249;0.668971;0.533779;0.265160;0.055570;0.015306;0.006644;
0.845762;0.810758;0.658011;0.529242;0.264310;0.053997;0.013643;0.006520;
0.843311;0.808122;0.660820;0.537067;0.269779;0.051963;0.013978;0.006250;
0.842386;0.808499;0.653408;0.527214;0.258027;0.051797;0.013851;0.006348;
0.842233;0.807809;0.643304;0.519525;0.243926;0.050534;0.013978;0.006540;
0.839196;0.804294;0.634801;0.513265;0.227435;0.046732;0.013737;0.006185;
0.839557;0.803900;0.634300;0.510371;0.225758;0.047594;0.014385;0.006699;
0.841699;0.806247;0.636738;0.513893;0.222165;0.049115;0.015964;0.006852;
0.842187;0.807070;0.636009;0.513652;0.220120;0.049883;0.015267;0.006979;
0.840215;0.806667;0.636722;0.509984;0.223294;0.047699;0.014476;0.006130;
0.840680;0.806823;0.643965;0.516068;0.232474;0.050827;0.014385;0.006286;
0.840846;0.806715;0.643122;0.515771;0.233717;0.052350;0.014469;0.006273;
0.841377;0.807100;0.643379;0.514837;0.232542;0.053073;0.014505;0.006335;
0.840960;0.806696;0.642272;0.515046;0.230898;0.051475;0.014684;0.006357;
0.843389;0.809463;0.647061;0.519876;0.234287;0.053737;0.015924;0.007119;
0.840944;0.806589;0.641790;0.514873;0.228932;0.051549;0.014720;0.006338;
0.840905;0.806999;0.641517;0.515322;0.230059;0.051455;0.014479;0.006208;
0.840703;0.807067;0.641618;0.516839;0.233076;0.051325;0.014196;0.005921;
0.841149;0.806761;0.640954;0.515980;0.227679;0.050762;0.013838;0.005752;
0.840801;0.806436;0.640820;0.515859;0.229229;0.050781;0.013877;0.005859;
0.842210;0.807477;0.636816;0.511774;0.218678;0.049619;0.015465;0.006559;
0.842913;0.808678;0.641693;0.518258;0.227227;0.048477;0.013682;0.005729;
0.841914;0.807552;0.656908;0.515719;0.220667;0.046462;0.013180;0.005664;
0.841680;0.808177;0.637917;0.515387;0.219821;0.046862;0.013395;0.005628;
0.840947;0.806520;0.636126;0.513848;0.220492;0.045107;0.013099;0.005446;
0.840732;0.806283;0.635934;0.513607;0.220576;0.044811;0.013066;0.005449;
0.841712;0.807933;0.638359;0.516488;0.224176;0.045625;0.013148;0.005550;
0.841107;0.806764;0.636325;0.515859;0.223480;0.044948;0.013050;0.005566;
0.839749;0.805241;0.631637;0.511325;0.217233;0.042783;0.012852;0.005456;
0.839840;0.805371;0.632207;0.511253;0.216719;0.042135;0.013158;0.005397;
0.839889;0.805514;0.632646;0.512246;0.218743;0.041872;0.012920;0.005345;
0.839961;0.805537;0.633548;0.513197;0.220199;0.041738;0.013216;0.005524;
0.840280;0.805957;0.636133;0.516045;0.228447;0.041930;0.013343;0.005622;
0.840280;0.806064;0.638428;0.518594;0.238037;0.042083;0.013346;0.005576;
0.840290;0.806058;0.640049;0.519450;0.242311;0.042236;0.013327;0.005605;
0.844766;0.808415;0.641719;0.522493;0.245153;0.042360;0.013369;0.005667;
0.840690;0.806247;0.641094;0.521465;0.247536;0.043402;0.013405;0.005628;
0.841130;0.806738;0.643431;0.522594;0.250156;0.045212;0.013460;0.005719;
0.841940;0.808864;0.638841;0.522747;0.244544;0.043151;0.013330;0.005680;
0.841117;0.806374;0.645817;0.521523;0.254310;0.052178;0.013392;0.005638;
0.842718;0.808532;0.654046;0.526855;0.255837;0.047913;0.013434;0.005667;
0.842318;0.807464;0.654525;0.529466;0.252441;0.048685;0.014043;0.005729;
0.852806;0.809818;0.654323;0.526475;0.251813;0.046794;0.013812;0.005853;
0.843646;0.809967;0.647100;0.527080;0.248584;0.047617;0.013747;0.005915;
0.843470;0.806634;0.643340;0.525576;0.242868;0.048115;0.013721;0.005944;
0.843073;0.806696;0.645785;0.520690;0.249232;0.046208;0.013721;0.005879;
0.843789;0.807865;0.650511;0.528672;0.250120;0.046911;0.013867;0.006003;
0.842917;0.809668;0.655342;0.528434;0.258473;0.048158;0.013818;0.006003;
0.841523;0.807891;0.648704;0.527734;0.257262;0.049447;0.014163;0.005980;
0.845182;0.809255;0.646582;0.526068;0.254766;0.047949;0.013574;0.005944;
0.840658;0.806217;0.641481;0.522074;0.243428;0.044811;0.013424;0.005820;
0.842581;0.807422;0.640247;0.517673;0.230739;0.044170;0.014137;0.006250;
0.843581;0.809046;0.643167;0.520602;0.237428;0.045309;0.013877;0.006048;
0.841510;0.807240;0.639108;0.519414;0.238643;0.043392;0.012533;0.005511;
0.840771;0.806240;0.635824;0.516436;0.232266;0.042129;0.012490;0.005189;
0.841732;0.808213;0.640091;0.519313;0.235824;0.043219;0.012699;0.005387;
0.841276;0.806794;0.638040;0.517650;0.232565;0.041702;0.012539;0.005368;
0.841198;0.806520;0.638672;0.517148;0.228545;0.041208;0.012604;0.005371;
0.841198;0.807113;0.636504;0.517122;0.227402;0.040977;0.012581;0.005358;
0.841045;0.806370;0.635990;0.515433;0.227057;0.040202;0.012500;0.005378;
0.841191;0.806572;0.638044;0.517689;0.232230;0.040309;0.012559;0.005404;
0.841383;0.806748;0.638161;0.517461;0.232331;0.039886;0.012552;0.005355;
0.841309;0.806240;0.636169;0.515706;0.230137;0.038564;0.012448;0.005335;
0.840856;0.806084;0.636647;0.515882;0.231390;0.038424;0.012477;0.005264;
0.842995;0.808659;0.640111;0.519215;0.233685;0.038503;0.012972;0.005710;
0.842467;0.807607;0.637816;0.518249;0.235020;0.037855;0.012611;0.005182;
0.843724;0.809242;0.644098;0.521969;0.244847;0.038568;0.013027;0.005456;
0.843571;0.808978;0.645023;0.522633;0.250742;0.038978;0.013229;0.005651;
0.843464;0.809063;0.644710;0.523298;0.253529;0.039391;0.013324;0.005752;
0.845348;0.811755;0.661901;0.537194;0.287282;0.048717;0.013454;0.005804;
0.845117;0.811390;0.660957;0.536113;0.287728;0.048438;0.013268;0.005742;
0.843994;0.810221;0.651117;0.530703;0.271429;0.045951;0.013141;0.005648;
0.844027;0.810036;0.650632;0.529798;0.266820;0.045195;0.013213;0.005674;
0.847617;0.813249;0.651878;0.532894;0.261012;0.046494;0.015169;0.006452;
0.844362;0.809941;0.646917;0.528213;0.255212;0.045443;0.014027;0.005853;
0.845618;0.812005;0.650098;0.530807;0.256104;0.045898;0.013285;0.005579;
0.845905;0.812308;0.648643;0.531641;0.253213;0.045293;0.012786;0.005576;
0.846413;0.812946;0.649600;0.531963;0.252308;0.045446;0.013171;0.005544;
0.844447;0.810449;0.638324;0.522204;0.230592;0.042399;0.012799;0.005426;
0.843395;0.809154;0.636465;0.519274;0.225036;0.041253;0.012620;0.005286;
0.844264;0.810023;0.639469;0.522119;0.229466;0.042327;0.012786;0.005234;
0.844069;0.810055;0.640303;0.522298;0.233525;0.045430;0.012959;0.005417;
0.843812;0.809587;0.640394;0.522679;0.232334;0.042236;0.012894;0.005365;
0.843359;0.809212;0.638997;0.521449;0.231191;0.041706;0.012780;0.005231;
0.843262;0.808734;0.639154;0.520505;0.231445;0.041055;0.012721;0.005283;
0.843125;0.808730;0.639235;0.519714;0.231533;0.041064;0.012803;0.005251;
0.843112;0.808691;0.639173;0.519980;0.231947;0.040876;0.012767;0.005345;
0.843353;0.808857;0.640156;0.521351;0.237637;0.041914;0.012705;0.005280;
0.843415;0.809294;0.641982;0.522122;0.240947;0.040645;0.012617;0.005228;
0.844424;0.810706;0.644811;0.525169;0.244072;0.041120;0.012705;0.005137;
0.844678;0.810645;0.642865;0.523548;0.246025;0.039583;0.012770;0.005195;
0.845042;0.810625;0.642171;0.523532;0.243805;0.039248;0.012601;0.005264;
0.844961;0.810742;0.638822;0.520947;0.238600;0.037754;0.012357;0.005156;
0.843320;0.808102;0.634958;0.517617;0.234176;0.037331;0.012565;0.005244;
0.843060;0.808835;0.639248;0.520443;0.251374;0.041250;0.013555;0.005762;
0.840658;0.805645;0.636813;0.518118;0.250742;0.043141;0.014385;0.005938;
0.841110;0.806654;0.639854;0.520339;0.252614;0.045091;0.014655;0.006087;
0.841641;0.807386;0.640319;0.521025;0.254639;0.045342;0.014388;0.005957;
0.840872;0.806351;0.638883;0.520085;0.255420;0.045563;0.014551;0.005947;
0.840785;0.806585;0.641624;0.520055;0.255192;0.045742;0.014222;0.005820;
0.840465;0.807594;0.640632;0.520114;0.251921;0.045342;0.014229;0.005674;
0.840443;0.806383;0.638366;0.520260;0.251139;0.045316;0.014219;0.005635;
0.840381;0.806309;0.638672;0.520094;0.251198;0.045384;0.014189;0.005648;
0.840576;0.806475;0.638753;0.520286;0.251514;0.045732;0.014645;0.005960;
0.841895;0.807650;0.638796;0.519990;0.248298;0.045192;0.014427;0.005687;
0.840355;0.805638;0.636787;0.517223;0.246683;0.045283;0.015033;0.006234;
0.840628;0.806107;0.637975;0.517204;0.246950;0.045199;0.014824;0.005882;
0.840299;0.805775;0.637168;0.516676;0.246660;0.044154;0.014255;0.005859;
0.840371;0.806077;0.638171;0.518551;0.249515;0.044196;0.014036;0.005622;
0.840313;0.805967;0.638363;0.519007;0.251644;0.044359;0.014170;0.005771;
0.840482;0.806104;0.639017;0.519359;0.252266;0.044460;0.014173;0.005713;
0.840273;0.806322;0.639382;0.519854;0.253483;0.045156;0.014102;0.005687;
0.840254;0.806110;0.639414;0.519827;0.252236;0.045241;0.014082;0.005719;
0.840003;0.805651;0.637331;0.518470;0.250352;0.044814;0.014020;0.005690;
0.839779;0.805531;0.635827;0.517777;0.248086;0.044525;0.013958;0.005661;
0.840586;0.806296;0.636016;0.518395;0.247796;0.046794;0.014583;0.006042;
0.841032;0.806680;0.636553;0.519049;0.247764;0.045485;0.014082;0.005830;
0.841045;0.806904;0.636680;0.519323;0.247751;0.045225;0.014987;0.006257;
0.840260;0.806100;0.635104;0.518353;0.246602;0.044437;0.014469;0.006090;
0.840508;0.806064;0.636956;0.518919;0.249557;0.044850;0.014411;0.005843;
0.841693;0.807646;0.640007;0.521559;0.254723;0.045462;0.013809;0.005518;
0.842604;0.808669;0.641009;0.521842;0.254587;0.045521;0.013805;0.005768;
0.842930;0.809160;0.641680;0.522627;0.255368;0.046016;0.013896;0.005544;
0.843721;0.809730;0.642627;0.523776;0.255348;0.045898;0.013607;0.005609;
0.843385;0.809512;0.641979;0.523122;0.254056;0.045225;0.013890;0.005612;
0.841221;0.807008;0.637972;0.520485;0.248145;0.044160;0.013786;0.005583;
0.841364;0.807103;0.638460;0.520645;0.246419;0.044720;0.014046;0.005557;
0.841217;0.806891;0.637682;0.519893;0.244225;0.043929;0.014141;0.005648;
0.841139;0.806790;0.638776;0.521279;0.247064;0.043952;0.014173;0.005674;
0.841305;0.806917;0.640430;0.522467;0.250326;0.044089;0.014215;0.005723;
0.841097;0.806833;0.640052;0.522080;0.250469;0.043994;0.014264;0.005820;
0.840990;0.806650;0.639131;0.521130;0.250127;0.043786;0.014222;0.005794;
0.841016;0.806634;0.639414;0.521279;0.249574;0.043770;0.014212;0.005771;
0.841136;0.806774;0.639365;0.521230;0.249740;0.044111;0.014342;0.005804;
0.841270;0.806836;0.641338;0.522533;0.255104;0.045270;0.014616;0.006182;
0.840521;0.806071;0.639007;0.520928;0.251781;0.045212;0.014427;0.005921;
0.839626;0.805397;0.636253;0.519635;0.247243;0.044137;0.014027;0.005605;
0.841641;0.807656;0.638662;0.521536;0.247552;0.044427;0.014430;0.005807;
0.840928;0.806273;0.636514;0.518841;0.243079;0.043548;0.014388;0.005807;
0.841191;0.806702;0.636387;0.518825;0.242952;0.043206;0.014010;0.005632;
0.840602;0.805729;0.635931;0.519427;0.248070;0.043604;0.014020;0.005723;
0.843483;0.809297;0.639248;0.522227;0.253867;0.044867;0.014193;0.005658;
0.843714;0.809521;0.639189;0.522852;0.254938;0.045068;0.013968;0.005622;
0.844346;0.810117;0.640456;0.525911;0.249271;0.044964;0.013978;0.005641;
0.844056;0.811130;0.637900;0.520798;0.248044;0.044622;0.013883;0.005475;
0.843031;0.808809;0.637021;0.520697;0.247692;0.044785;0.013815;0.005472;
0.843232;0.808910;0.637591;0.520820;0.247627;0.045501;0.013949;0.005602;
0.843988;0.809616;0.638226;0.522269;0.249616;0.045547;0.013913;0.005596;
0.843896;0.809613;0.636159;0.520293;0.243568;0.043805;0.013822;0.005436;
0.844277;0.810299;0.637500;0.521553;0.245902;0.044430;0.014046;0.005693;
0.843636;0.809232;0.635335;0.519232;0.240602;0.042751;0.013724;0.005540;
0.843512;0.809167;0.634759;0.518910;0.239404;0.042259;0.013558;0.005531;
0.843678;0.809072;0.635052;0.519076;0.239232;0.042510;0.014150;0.005635;
0.841722;0.807015;0.632757;0.516045;0.236507;0.041670;0.014040;0.005573;
0.844411;0.809704;0.635609;0.518665;0.236497;0.040137;0.012979;0.005348;
0.845947;0.811221;0.639788;0.521836;0.247969;0.042285;0.013109;0.005420;
0.844437;0.810091;0.639186;0.522051;0.251263;0.043060;0.012936;0.005319;
0.843978;0.809505;0.640189;0.521543;0.253708;0.043997;0.013223;0.005394;
0.843747;0.809590;0.639411;0.521849;0.254069;0.043822;0.012708;0.005192;
0.843734;0.809528;0.639723;0.521325;0.255456;0.044141;0.012767;0.005254;
0.843776;0.809489;0.640088;0.522217;0.256572;0.044212;0.012731;0.005107;
0.843786;0.809391;0.640384;0.521751;0.257542;0.043477;0.012620;0.005189;
0.843685;0.809359;0.643389;0.523789;0.260296;0.043649;0.012607;0.005166;
0.844736;0.810075;0.644199;0.526328;0.262624;0.048789;0.012712;0.005260;
0.847910;0.810352;0.644079;0.528942;0.283672;0.049619;0.012640;0.005176;
0.847669;0.814193;0.653522;0.530446;0.279554;0.050739;0.012591;0.005039;
0.853473;0.812653;0.651162;0.528395;0.290417;0.051188;0.012435;0.004980;
0.853870;0.813750;0.664860;0.537480;0.292103;0.050967;0.012653;0.004954;
0.849857;0.810745;0.646546;0.528278;0.281654;0.054476;0.012887;0.005296;
0.847565;0.814170;0.648031;0.523691;0.288014;0.057764;0.013047;0.005417;
0.850413;0.813600;0.655680;0.531924;0.292292;0.051335;0.013177;0.005225;
0.849632;0.814382;0.654521;0.528359;0.275426;0.048031;0.012790;0.005313;
0.846335;0.813021;0.648962;0.522985;0.263763;0.046429;0.012988;0.005671;
0.844658;0.809447;0.641029;0.518786;0.248854;0.043431;0.013050;0.005397;
0.843372;0.808236;0.635915;0.517891;0.244362;0.042240;0.012982;0.005505;
0.844827;0.809616;0.635811;0.517135;0.244355;0.042510;0.012842;0.005303;
0.843268;0.808245;0.633958;0.515651;0.241624;0.041621;0.012878;0.005527;
0.843496;0.808721;0.634964;0.516924;0.245514;0.041781;0.012852;0.005557;
0.843018;0.808525;0.635104;0.517207;0.246989;0.042038;0.012861;0.005531;
0.842946;0.808581;0.635000;0.518346;0.246738;0.043757;0.012900;0.005599;
0.843206;0.808766;0.635944;0.518109;0.248571;0.043415;0.013132;0.005641;
0.842702;0.807998;0.634163;0.515127;0.249255;0.042910;0.013193;0.005609;
0.842907;0.807975;0.635482;0.516719;0.245277;0.044798;0.013132;0.005521;
0.843988;0.809730;0.638473;0.518213;0.255329;0.045088;0.012777;0.005309;
0.844743;0.809766;0.639619;0.521449;0.253314;0.044111;0.012646;0.005208;
0.843480;0.809912;0.639219;0.520710;0.255723;0.043695;0.012493;0.005049;
0.845716;0.810937;0.643148;0.521497;0.255332;0.045117;0.012419;0.005020;
0.846533;0.810583;0.644095;0.520417;0.268376;0.045124;0.012451;0.005085;
0.843958;0.810742;0.642952;0.517370;0.262923;0.045384;0.012373;0.004997;
0.845378;0.810368;0.644398;0.519404;0.251211;0.043109;0.012428;0.005055;
0.846344;0.809375;0.653424;0.522285;0.254993;0.044206;0.012598;0.005010;
0.844860;0.811947;0.645960;0.517406;0.254134;0.043372;0.012946;0.005212;
0.845915;0.810615;0.643229;0.516022;0.250752;0.046488;0.013014;0.005557;
0.845459;0.810579;0.647428;0.523496;0.255439;0.046960;0.013005;0.005622;
0.849417;0.811572;0.639095;0.517191;0.256784;0.045465;0.013083;0.005690;
0.851663;0.812585;0.652409;0.518529;0.259355;0.050059;0.013252;0.005905;
0.852477;0.815273;0.654053;0.523766;0.272044;0.048743;0.013307;0.005869;
0.850771;0.814701;0.653291;0.527129;0.295579;0.056260;0.013353;0.005807;
0.853473;0.816637;0.661038;0.534987;0.279870;0.055544;0.013288;0.005641;
0.856217;0.818861;0.668115;0.535186;0.284395;0.056559;0.013574;0.005706;
0.853044;0.818763;0.651787;0.528757;0.294733;0.052204;0.013135;0.005563;
0.857142;0.818939;0.677142;0.546875;0.296686;0.054951;0.013779;0.005680;
0.866566;0.825850;0.669730;0.532780;0.288633;0.051748;0.013473;0.005638;
0.857646;0.818223;0.660745;0.537240;0.283757;0.053301;0.013561;0.005863;
0.859632;0.824469;0.658053;0.538206;0.295397;0.049251;0.013564;0.005762;
0.861995;0.819863;0.650882;0.530104;0.268750;0.050521;0.013776;0.006032;
0.852269;0.815990;0.657783;0.532952;0.270697;0.043024;0.013802;0.005931;
0.850075;0.813730;0.647594;0.523714;0.251484;0.043206;0.013779;0.006136;
0.849238;0.813356;0.644521;0.522334;0.258851;0.042852;0.013763;0.006097;
0.850426;0.814408;0.640475;0.521605;0.257445;0.042956;0.013825;0.006081;
0.853753;0.814271;0.640716;0.521699;0.252829;0.047891;0.013447;0.005938;
0.848734;0.813154;0.644007;0.523727;0.277132;0.050977;0.013701;0.005934;
0.849303;0.812744;0.662389;0.526178;0.271833;0.052741;0.013643;0.005908;
0.852360;0.815788;0.669349;0.538278;0.281305;0.063242;0.013942;0.005915;
0.858932;0.822972;0.660039;0.542507;0.318913;0.063568;0.014548;0.006077;
0.852243;0.816855;0.662829;0.530788;0.288255;0.054980;0.014183;0.006051;
0.863763;0.820146;0.660492;0.529766;0.297184;0.059538;0.014759;0.006139;
0.859333;0.820609;0.645840;0.527523;0.269912;0.051813;0.014102;0.006110;
0.855527;0.815641;0.646038;0.526937;0.293727;0.060879;0.014160;0.006064;
0.854180;0.818626;0.649469;0.536126;0.289720;0.063512;0.014648;0.006048;
0.854521;0.817676;0.647145;0.529421;0.280833;0.054089;0.014326;0.006188;
0.853711;0.816670;0.657790;0.531950;0.266445;0.052471;0.015316;0.006855;
0.851169;0.814186;0.652536;0.526276;0.265592;0.047354;0.014499;0.006520;
0.851276;0.815723;0.641237;0.522188;0.256917;0.046331;0.014326;0.006523;
0.849811;0.813438;0.641849;0.521305;0.256032;0.044941;0.014242;0.006628;
0.849896;0.813587;0.641117;0.521299;0.248581;0.045078;0.014170;0.006527;
0.850124;0.813590;0.643949;0.524512;0.267923;0.044137;0.014134;0.006426;
0.853623;0.813770;0.641556;0.524443;0.260433;0.046097;0.014215;0.006344;
0.849440;0.813382;0.643587;0.521149;0.261891;0.049912;0.014264;0.006318;
0.851410;0.816048;0.650612;0.528490;0.275658;0.051667;0.013809;0.006273;
0.852692;0.815335;0.661924;0.531253;0.292406;0.051820;0.014541;0.006250;
0.855456;0.818503;0.653939;0.535293;0.278538;0.054124;0.014346;0.006165;
0.859040;0.819632;0.668441;0.550732;0.273499;0.057666;0.014401;0.006051;
0.857158;0.817754;0.682861;0.548324;0.296738;0.062035;0.013971;0.006009;
0.862334;0.820055;0.686901;0.549515;0.297790;0.057233;0.013945;0.005788;
0.861227;0.825729;0.670954;0.531094;0.289408;0.054255;0.013590;0.005661;
0.857214;0.817939;0.668730;0.542321;0.295781;0.060602;0.013818;0.005758;
0.857663;0.823177;0.670501;0.532220;0.316208;0.060531;0.013851;0.005876;
0.859893;0.821296;0.662943;0.539144;0.302474;0.063955;0.014382;0.006032;
0.861852;0.824548;0.677855;0.536260;0.295299;0.066322;0.014645;0.006191;
0.861556;0.823314;0.668828;0.536462;0.292145;0.064336;0.014352;0.006051;
0.857796;0.820947;0.656807;0.535091;0.305212;0.055511;0.014040;0.006090;
0.852464;0.817500;0.650013;0.534098;0.281657;0.054655;0.014189;0.006104;
0.852259;0.816348;0.649521;0.537376;0.271351;0.048164;0.014518;0.006247;
0.853343;0.819342;0.654590;0.530143;0.261217;0.047266;0.014316;0.006276;
0.851380;0.815137;0.640085;0.523311;0.261855;0.048079;0.014307;0.006299;
0.852891;0.815316;0.641090;0.524326;0.261816;0.048770;0.014447;0.006374;
0.850394;0.815016;0.642360;0.523216;0.262985;0.047591;0.014671;0.006390;
0.853337;0.817451;0.642721;0.524049;0.261016;0.048132;0.014834;0.006432;
0.851009;0.814225;0.648040;0.526689;0.266403;0.051885;0.014775;0.006396;
0.852054;0.816670;0.654001;0.524434;0.259320;0.050205;0.014668;0.006370;
0.864108;0.821562;0.664004;0.534860;0.303558;0.059437;0.015374;0.006458;
0.855033;0.820316;0.667389;0.535563;0.288571;0.054033;0.014902;0.006380;
0.854014;0.819137;0.654788;0.530674;0.281074;0.049805;0.014938;0.006263;
0.856660;0.820723;0.654056;0.525277;0.277256;0.054710;0.014557;0.006214;
0.853408;0.817220;0.655033;0.532809;0.269958;0.047770;0.014938;0.006208;
0.860195;0.822780;0.650576;0.529066;0.262786;0.046914;0.014785;0.006188;
0.853678;0.817015;0.652523;0.531361;0.271006;0.049827;0.015579;0.006680;
0.855433;0.818607;0.653031;0.528298;0.264313;0.049505;0.015661;0.006826;
0.853763;0.816908;0.666120;0.535472;0.291439;0.057100;0.015710;0.007093;
0.858343;0.818789;0.676227;0.539808;0.322070;0.069456;0.016159;0.007109;
0.865570;0.824779;0.673818;0.563828;0.338874;0.074196;0.016810;0.007282;
0.855257;0.822493;0.673418;0.542194;0.322347;0.066644;0.015856;0.007269;
0.861914;0.825492;0.662819;0.547894;0.325866;0.064899;0.016520;0.006966;
0.859310;0.823438;0.659404;0.537926;0.304863;0.060771;0.016572;0.007103;
0.856413;0.819359;0.663145;0.531234;0.279242;0.054906;0.016006;0.007012;
0.854176;0.818027;0.663333;0.534447;0.268415;0.048535;0.016615;0.007093;
0.858932;0.819274;0.661270;0.531982;0.266309;0.054447;0.016628;0.007083;
0.861038;0.820182;0.647204;0.524619;0.259281;0.054027;0.016419;0.007080;
0.857334;0.819251;0.649769;0.527288;0.283454;0.054694;0.017432;0.007298;
0.859105;0.820911;0.661488;0.536536;0.274727;0.064115;0.017461;0.007536;
0.856442;0.818600;0.652093;0.530371;0.278561;0.058135;0.017178;0.007572;
0.863783;0.823831;0.656520;0.532845;0.275215;0.059385;0.017503;0.007757;
0.853835;0.818053;0.653828;0.532939;0.274818;0.052074;0.017539;0.007832;
0.853880;0.816598;0.652367;0.528171;0.274007;0.054606;0.017171;0.007809;
0.852591;0.816901;0.647188;0.529294;0.272939;0.053538;0.017197;0.007926;
0.851969;0.816510;0.644906;0.527262;0.261364;0.051143;0.017135;0.007894;
0.851462;0.816221;0.643877;0.526305;0.261468;0.050566;0.017197;0.008018;
0.851051;0.815918;0.644167;0.526436;0.262868;0.050622;0.017194;0.007992;
0.850951;0.815492;0.644017;0.526237;0.260446;0.049775;0.017184;0.007995;
0.850534;0.815645;0.643919;0.526094;0.257897;0.048984;0.017074;0.007819;
0.852969;0.815583;0.643418;0.529355;0.260719;0.049108;0.017028;0.007783;
0.852269;0.815430;0.644915;0.526634;0.262038;0.049082;0.017122;0.007682;
0.851318;0.815260;0.645967;0.528711;0.266279;0.050098;0.017080;0.007686;
0.857822;0.822158;0.652165;0.535579;0.286068;0.058047;0.016693;0.007064;
0.859180;0.822552;0.653014;0.543555;0.309209;0.071423;0.016807;0.007057;
0.856361;0.816927;0.659499;0.537607;0.303867;0.067035;0.016504;0.007510;
0.864902;0.829355;0.665550;0.538815;0.316937;0.069033;0.016742;0.007015;
0.862480;0.821585;0.665397;0.542829;0.308792;0.070306;0.016813;0.007214;
0.862122;0.822936;0.669115;0.543158;0.321016;0.069499;0.017572;0.007617;
0.874548;0.831523;0.673138;0.554772;0.314235;0.062122;0.017067;0.007419;
0.861898;0.823620;0.675247;0.543864;0.316686;0.062604;0.017210;0.007419;
0.867500;0.825114;0.681641;0.554753;0.312477;0.063773;0.018353;0.007897;
0.871035;0.833438;0.684541;0.551432;0.304831;0.061302;0.018027;0.007757;
0.863623;0.825033;0.682555;0.544665;0.301198;0.057790;0.017715;0.007734;
0.865042;0.823138;0.665391;0.544889;0.303096;0.053245;0.017152;0.007575;
0.860583;0.822673;0.665540;0.546227;0.316908;0.065104;0.017575;0.007845;
0.867197;0.825322;0.667533;0.545947;0.313148;0.063021;0.017803;0.007751;
0.866416;0.824626;0.691003;0.548604;0.326283;0.070674;0.018330;0.008278;
0.869355;0.825667;0.674580;0.555400;0.297357;0.060612;0.017959;0.007607;
0.867295;0.831745;0.671875;0.551670;0.300439;0.057536;0.017891;0.007653;
0.867360;0.827773;0.679678;0.544600;0.329385;0.082975;0.018714;0.008236;
0.875133;0.830863;0.680996;0.554105;0.356055;0.094447;0.019899;0.008105;
0.882197;0.832067;0.665286;0.551257;0.306491;0.069460;0.018558;0.007962;
0.861188;0.824290;0.664782;0.532425;0.304059;0.063125;0.018044;0.008206;
0.860791;0.827191;0.673249;0.542409;0.323083;0.070488;0.018145;0.007985;
0.871032;0.830654;0.682624;0.560755;0.330299;0.077835;0.019023;0.008014;
0.867295;0.825931;0.695143;0.553252;0.328470;0.080697;0.017572;0.007809;
0.871836;0.830537;0.665960;0.550439;0.318900;0.068646;0.018906;0.008307;
0.861341;0.824840;0.664274;0.542487;0.317318;0.068239;0.017965;0.008333;
0.864411;0.822044;0.680163;0.545859;0.307275;0.064772;0.018070;0.008027;
0.861465;0.825192;0.658135;0.546979;0.300452;0.062998;0.018343;0.008301;
0.858047;0.820189;0.658164;0.533044;0.274316;0.060078;0.017786;0.008268;
0.856462;0.820176;0.674557;0.537910;0.272985;0.055700;0.018021;0.008161;
0.855114;0.821191;0.652643;0.531377;0.271279;0.054593;0.017926;0.008044;
0.853900;0.818340;0.652145;0.529066;0.256969;0.050042;0.017422;0.007839;
0.854368;0.818330;0.646094;0.527992;0.262930;0.048757;0.017588;0.007988;
0.857116;0.820990;0.644264;0.527790;0.256940;0.049450;0.017559;0.008158;
0.853480;0.817559;0.643727;0.529909;0.257428;0.047959;0.017318;0.008070;
0.852380;0.816914;0.642786;0.525856;0.256341;0.048652;0.017367;0.008005;
0.851660;0.816800;0.645042;0.525781;0.255488;0.048968;0.017220;0.008001;
0.852588;0.818424;0.647425;0.532611;0.263096;0.049701;0.017171;0.008242;
0.853610;0.817839;0.644098;0.530192;0.258656;0.049834;0.017308;0.008239;
0.853542;0.818630;0.647057;0.532314;0.262930;0.050345;0.017555;0.008057;
0.855384;0.818799;0.649961;0.530924;0.258402;0.051058;0.017572;0.008278;
0.854551;0.820524;0.660267;0.540361;0.271175;0.052227;0.017507;0.008232;
0.858262;0.824378;0.667607;0.540827;0.268877;0.051605;0.017604;0.008311;
0.858818;0.821589;0.652438;0.542220;0.282480;0.062399;0.017842;0.008304;
0.858620;0.820967;0.667074;0.547025;0.296865;0.070251;0.018597;0.008353;
0.860501;0.821035;0.683613;0.540853;0.320856;0.080436;0.018477;0.008213;
0.863711;0.822510;0.673408;0.543675;0.336790;0.091328;0.018574;0.008226;
0.865039;0.829082;0.680156;0.550745;0.375433;0.125423;0.020055;0.008320;
0.866322;0.829069;0.662142;0.541224;0.331621;0.081859;0.018236;0.008053;
0.865697;0.825967;0.671452;0.538548;0.308730;0.070169;0.018770;0.008011;
0.860885;0.821055;0.662347;0.549977;0.314326;0.074541;0.018522;0.008418;
0.861253;0.823828;0.654329;0.538903;0.320094;0.072080;0.019056;0.008294;
0.862347;0.825690;0.658333;0.539893;0.289782;0.063151;0.019359;0.008408;
0.860680;0.821745;0.649229;0.535719;0.290075;0.064730;0.018893;0.008441;
0.859215;0.823040;0.658604;0.536624;0.280088;0.057057;0.018870;0.008906;
0.859414;0.822090;0.652565;0.527497;0.267689;0.058411;0.019118;0.008516;
0.858411;0.820758;0.646927;0.528945;0.271829;0.056598;0.019779;0.008903;
0.856354;0.819635;0.649310;0.532646;0.270117;0.056693;0.019954;0.008753;
0.852480;0.817809;0.643597;0.530348;0.268522;0.054017;0.019899;0.008763;
0.852790;0.818353;0.649310;0.532406;0.272334;0.055563;0.019359;0.008604;
0.852660;0.818158;0.649850;0.533281;0.271354;0.054893;0.018841;0.008529;
0.853096;0.819176;0.653271;0.534580;0.276660;0.055599;0.018776;0.008512;
0.853187;0.818760;0.652757;0.534326;0.274033;0.054528;0.018714;0.008421;
0.852861;0.818691;0.651862;0.534668;0.275986;0.056156;0.018633;0.008558;
0.852852;0.819023;0.652054;0.534694;0.275651;0.054447;0.018896;0.008649;
0.852923;0.818893;0.652087;0.535511;0.276807;0.053864;0.019095;0.008818;
0.853141;0.819251;0.652474;0.535553;0.276081;0.053590;0.019030;0.008822;
0.853187;0.819307;0.652666;0.537969;0.277308;0.053122;0.018538;0.008424;
0.853457;0.819336;0.652679;0.537393;0.276087;0.052243;0.018880;0.008678;
0.853490;0.819541;0.652435;0.537529;0.276908;0.051901;0.018831;0.008646;
0.853288;0.819385;0.652116;0.537708;0.277314;0.051930;0.019001;0.008747;
0.852904;0.818607;0.648438;0.535671;0.269121;0.050192;0.018760;0.008538;
0.852959;0.818490;0.648014;0.534007;0.265951;0.048952;0.018278;0.008503;
0.852744;0.818454;0.647656;0.533408;0.264740;0.048415;0.018307;0.008633;
0.853359;0.818962;0.647409;0.530566;0.257832;0.046719;0.018132;0.008708;
0.854271;0.819535;0.647113;0.531341;0.257526;0.046240;0.017575;0.008330;
0.853799;0.819183;0.646855;0.530651;0.256185;0.046006;0.016960;0.007992;
0.853356;0.818558;0.646152;0.529772;0.259082;0.046501;0.017227;0.007982;
0.853760;0.819082;0.647513;0.531647;0.259310;0.047780;0.017959;0.008340;
0.853561;0.818730;0.646263;0.531152;0.258675;0.047614;0.017334;0.008057;
0.853249;0.818438;0.645869;0.530605;0.258825;0.048079;0.017461;0.008053;
0.853083;0.818441;0.645703;0.529847;0.258164;0.048040;0.017324;0.007969;
0.853145;0.818418;0.645615;0.529404;0.257139;0.047754;0.017435;0.007959;
0.853447;0.818691;0.645859;0.529609;0.257477;0.048340;0.017965;0.008369;
0.855540;0.820550;0.647627;0.532106;0.258525;0.048942;0.018910;0.008844;
0.855075;0.820605;0.647764;0.531725;0.259837;0.049743;0.018327;0.008464;
0.853529;0.818662;0.646071;0.530508;0.257943;0.050020;0.018496;0.008434;
0.853477;0.818483;0.646647;0.530632;0.257038;0.049772;0.018421;0.008265;
0.852936;0.818239;0.645488;0.529681;0.256839;0.049788;0.018503;0.008467;
0.853141;0.818376;0.646963;0.531885;0.263294;0.051475;0.018428;0.008366;
0.853265;0.818470;0.648011;0.533298;0.275765;0.053711;0.018470;0.008294;
0.853451;0.819069;0.647998;0.532845;0.268118;0.051855;0.018613;0.008330;
0.853148;0.818649;0.647969;0.533874;0.267829;0.051341;0.018652;0.008353;
0.854427;0.819606;0.648691;0.534274;0.266732;0.052500;0.019886;0.008887;
0.853395;0.818291;0.647096;0.531152;0.261693;0.049639;0.019001;0.008434;
0.856247;0.821940;0.651637;0.536973;0.266048;0.049951;0.019352;0.008965;
0.856494;0.822087;0.651901;0.535124;0.262581;0.048610;0.018939;0.008717;
0.856247;0.822445;0.653171;0.537116;0.259258;0.047074;0.018464;0.008405;
0.855716;0.821950;0.653994;0.538883;0.264857;0.048050;0.018910;0.008910;
0.854762;0.820827;0.652930;0.537949;0.265101;0.048252;0.018701;0.008512;
0.854355;0.820026;0.651364;0.537021;0.263213;0.047588;0.018268;0.008353;
0.853356;0.818571;0.649613;0.534476;0.257093;0.046895;0.018092;0.008271;
0.854329;0.819870;0.650583;0.535983;0.257637;0.046576;0.018437;0.008359;
0.855433;0.821136;0.651234;0.536608;0.256494;0.046061;0.018288;0.008503;
0.855462;0.821097;0.651149;0.536484;0.258197;0.046943;0.019082;0.008721;
0.852396;0.817757;0.646292;0.531680;0.254154;0.045804;0.018379;0.008415;
0.850674;0.815872;0.644268;0.528477;0.252246;0.046556;0.018447;0.008512;
0.850488;0.815436;0.643734;0.527637;0.252288;0.046589;0.018372;0.008438;
0.848112;0.812461;0.640993;0.524421;0.250674;0.046846;0.018626;0.008564;
0.847939;0.812357;0.641247;0.524209;0.252080;0.047982;0.018831;0.008421;
0.848236;0.812660;0.642376;0.527129;0.258766;0.049232;0.018971;0.008623;
0.847646;0.812337;0.648213;0.526458;0.265833;0.052480;0.018955;0.008743;
0.850791;0.812555;0.651608;0.529495;0.267943;0.052770;0.018796;0.008818;
0.846800;0.811423;0.641302;0.524355;0.263796;0.050684;0.018753;0.008561;
0.846680;0.811074;0.642311;0.523734;0.261940;0.052900;0.018994;0.008477;
0.847757;0.813005;0.648395;0.525785;0.268838;0.053467;0.018799;0.008493;
0.847627;0.811842;0.647529;0.525055;0.265482;0.058971;0.019580;0.008451;
0.847148;0.810951;0.651309;0.528076;0.281976;0.054388;0.018685;0.008304;
0.849421;0.814736;0.655397;0.527962;0.270521;0.056468;0.019235;0.008532;
0.858395;0.821224;0.716937;0.552441;0.275778;0.055729;0.019251;0.008431;
0.852155;0.812562;0.655384;0.531064;0.273174;0.059248;0.019567;0.008727;
0.858604;0.820615;0.660716;0.534805;0.290462;0.060488;0.021979;0.005404;
0.859642;0.819147;0.685840;0.538512;0.285309;0.063109;0.022594;0.005137;
0.856725;0.818109;0.663887;0.534020;0.282982;0.060781;0.021989;0.003255;
0.859821;0.815120;0.643434;0.523815;0.272520;0.060182;0.022718;0.006921;
0.856012;0.816439;0.650609;0.525573;0.271165;0.055407;0.020560;0.002839;
0.847005;0.809066;0.645137;0.522308;0.264193;0.053796;0.020814;0.008568;
0.849196;0.810446;0.645898;0.526940;0.276559;0.055612;0.020514;0.009144;
0.862542;0.821872;0.668271;0.532035;0.285970;0.058639;0.022223;0.005430;
0.847650;0.811266;0.660973;0.532165;0.282367;0.058740;0.019720;0.008376;
0.852217;0.814401;0.661354;0.534974;0.289385;0.060690;0.020003;0.007936;
0.854658;0.818379;0.660872;0.541621;0.294284;0.056237;0.018099;0.007689;
0.858187;0.822461;0.669398;0.544443;0.289053;0.052842;0.016660;0.007230;
0.856221;0.821660;0.659036;0.544255;0.288402;0.053151;0.016937;0.007428;
0.855885;0.820075;0.658132;0.543148;0.280316;0.050075;0.016110;0.006914;
0.855241;0.818389;0.653815;0.536331;0.273079;0.049124;0.015889;0.006960;
0.854180;0.818636;0.650420;0.536396;0.268711;0.048451;0.015921;0.006872;
0.853581;0.817240;0.644017;0.530986;0.250537;0.046449;0.015648;0.006742;
0.853294;0.817113;0.643493;0.529922;0.246992;0.045775;0.015697;0.006722;
0.853311;0.817132;0.643682;0.530469;0.247793;0.046243;0.015964;0.006768;
0.853307;0.817113;0.644701;0.529951;0.247386;0.046019;0.015742;0.006833;
0.853490;0.817142;0.644388;0.529925;0.247861;0.046126;0.015758;0.006787;
0.853187;0.817044;0.644427;0.530000;0.248688;0.046201;0.015693;0.006800;
0.853265;0.817012;0.644606;0.530339;0.250361;0.046406;0.015723;0.006813;
0.853304;0.817152;0.644655;0.530423;0.251292;0.046201;0.015824;0.006699;
0.853464;0.817142;0.644769;0.530537;0.253014;0.046100;0.015658;0.006735;
0.853512;0.817217;0.645706;0.530869;0.256878;0.046758;0.015801;0.006803;
0.853571;0.817311;0.645905;0.530964;0.257734;0.047660;0.015778;0.006706;
0.853883;0.817692;0.647604;0.532884;0.264251;0.049365;0.015915;0.006846;
0.853802;0.817839;0.648421;0.533750;0.266341;0.049437;0.015859;0.006855;
0.853652;0.817699;0.646829;0.532780;0.263125;0.048984;0.015817;0.006735;
0.853604;0.817393;0.647253;0.532227;0.262965;0.048965;0.015964;0.006934;
0.853887;0.817513;0.647471;0.532057;0.263171;0.048838;0.016006;0.006872;
0.853958;0.817653;0.647246;0.531982;0.263353;0.048574;0.016035;0.006885;
0.853630;0.817337;0.647490;0.531888;0.263835;0.048477;0.015768;0.006667;
0.853734;0.817308;0.647266;0.532253;0.262188;0.047910;0.015879;0.006715;
0.853861;0.817334;0.647793;0.532386;0.261602;0.047461;0.015700;0.006628;
0.853906;0.817419;0.647770;0.532152;0.262910;0.047803;0.015758;0.006699;
0.854098;0.817487;0.647184;0.532484;0.262913;0.047679;0.015661;0.006670;
0.854049;0.817367;0.647425;0.532741;0.262689;0.047249;0.015671;0.006663;
0.854082;0.817467;0.647158;0.532988;0.262152;0.046885;0.015632;0.006683;
0.854118;0.817503;0.649271;0.534339;0.267191;0.047409;0.015674;0.006618;
0.854173;0.817526;0.649271;0.534782;0.267171;0.047165;0.015645;0.006605;
0.854128;0.817507;0.649290;0.534740;0.266999;0.046667;0.015752;0.006784;
0.854378;0.817822;0.649167;0.534792;0.265446;0.046139;0.015882;0.006794;
0.854922;0.818073;0.650462;0.535732;0.267148;0.046826;0.016833;0.007484;
0.854284;0.817012;0.649486;0.534756;0.265635;0.045228;0.016243;0.007139;
0.853018;0.815192;0.644642;0.529831;0.255658;0.041289;0.015459;0.006595;
0.853678;0.816602;0.648366;0.533431;0.266120;0.041755;0.015573;0.006621;
0.853421;0.816455;0.648291;0.533223;0.264352;0.040618;0.015488;0.006628;
0.852907;0.815495;0.646374;0.531348;0.259629;0.039938;0.015514;0.006637;
0.853857;0.816322;0.647419;0.533125;0.257604;0.040205;0.017249;0.007660;
