thr_10;thr_30;thr_50;thr_70;thr_90;thr_110;thr_130;thr_150;thr_170;thr_190;thr_210;thr_230;
0.998836;0.978085;0.896590;0.800286;0.649814;0.256226;0.100446;0.036094;0.009119;0.004592;0.002796;0.002796;
0.999890;0.975281;0.890622;0.807764;0.679589;0.317318;0.163639;0.087663;0.052513;0.033872;0.015850;0.004775;
0.999725;0.982223;0.908179;0.816450;0.656011;0.264264;0.113239;0.041753;0.013351;0.008739;0.004501;0.002796;
0.999997;0.996136;0.910881;0.804782;0.651506;0.243618;0.093509;0.029666;0.004567;0.003473;0.003034;0.002924;
0.999957;0.988027;0.890146;0.795186;0.653222;0.262025;0.098768;0.032891;0.004682;0.003125;0.002794;0.002794;
0.999120;0.966445;0.877688;0.793983;0.651558;0.262049;0.103931;0.037684;0.007090;0.003200;0.002794;0.002794;
0.998571;0.972227;0.883931;0.813416;0.669872;0.286811;0.124097;0.043586;0.011029;0.006074;0.002893;0.002794;
0.999990;0.991437;0.898434;0.813207;0.666086;0.299648;0.157689;0.074234;0.026807;0.012269;0.005408;0.002803;
0.999838;0.974439;0.884359;0.816859;0.661770;0.288702;0.137229;0.059595;0.023046;0.012198;0.006082;0.003313;
0.999855;0.978708;0.880430;0.803424;0.637846;0.261727;0.110628;0.039988;0.013663;0.006505;0.003032;0.002923;
0.999861;0.979301;0.881092;0.811992;0.670443;0.306898;0.144622;0.067584;0.028975;0.013124;0.004122;0.002796;
0.999918;0.968336;0.879661;0.804834;0.649862;0.269249;0.109120;0.041966;0.011241;0.004982;0.002942;0.002796;
0.999246;0.964723;0.868172;0.800598;0.662155;0.324208;0.163735;0.083547;0.039961;0.020770;0.007923;0.003311;
0.998810;0.975407;0.879097;0.793686;0.641063;0.273162;0.116722;0.036555;0.004798;0.003113;0.002796;0.002796;
0.999529;0.979387;0.889933;0.803989;0.684513;0.332090;0.177449;0.101803;0.051255;0.023309;0.012913;0.003345;
0.999911;0.979860;0.880371;0.803035;0.636734;0.248811;0.103943;0.043081;0.012011;0.004183;0.002875;0.002805;
0.999989;0.994671;0.918656;0.830151;0.670955;0.274148;0.117834;0.048839;0.014490;0.008493;0.004778;0.002977;
0.999976;0.987229;0.896491;0.811551;0.659876;0.275870;0.129294;0.055605;0.026251;0.014178;0.006696;0.004999;
0.999988;0.989714;0.916305;0.840547;0.682015;0.321590;0.170714;0.096998;0.053073;0.025075;0.007058;0.002973;
0.999359;0.970400;0.898041;0.826667;0.661402;0.286277;0.124045;0.042550;0.007556;0.003171;0.002815;0.002815;
0.997444;0.924586;0.832909;0.771554;0.661519;0.323192;0.152760;0.067040;0.027295;0.016637;0.010025;0.006195;
0.993264;0.959288;0.872828;0.793409;0.641480;0.289936;0.123135;0.042614;0.004710;0.003186;0.002815;0.002815;
0.999997;0.990609;0.883600;0.798695;0.649449;0.280642;0.132650;0.054525;0.018406;0.011864;0.006323;0.002937;
0.999950;0.986324;0.891272;0.809670;0.670693;0.285000;0.132464;0.058377;0.021223;0.010751;0.005628;0.003507;
0.999594;0.986482;0.894355;0.801461;0.664414;0.278082;0.122631;0.049985;0.018822;0.008995;0.003408;0.002805;
0.999969;0.984984;0.870605;0.785127;0.643111;0.255702;0.103899;0.035943;0.006104;0.003523;0.002805;0.002805;
0.998794;0.968089;0.879543;0.773526;0.645972;0.239571;0.093719;0.029995;0.003865;0.003089;0.002805;0.002805;
0.998850;0.963800;0.886361;0.792391;0.653532;0.261547;0.111658;0.042066;0.008020;0.004210;0.002805;0.002805;
0.999908;0.982179;0.874122;0.780756;0.644616;0.263196;0.102137;0.035903;0.006348;0.003120;0.002805;0.002805;
0.998875;0.949436;0.873737;0.786121;0.660362;0.265479;0.104628;0.030806;0.005292;0.003727;0.003038;0.002875;
0.999951;0.986131;0.881045;0.777933;0.649881;0.269754;0.111124;0.036569;0.007523;0.004003;0.002815;0.002815;
0.988303;0.967585;0.889000;0.803433;0.647393;0.289317;0.138876;0.063937;0.026413;0.015046;0.008849;0.003115;
0.999986;0.990785;0.900756;0.824222;0.673306;0.304239;0.143143;0.052471;0.015076;0.006088;0.002815;0.002815;
0.998342;0.957286;0.868745;0.795295;0.626176;0.258691;0.114511;0.038792;0.005697;0.003163;0.002815;0.002815;
0.999467;0.964413;0.878461;0.795924;0.645834;0.267954;0.115680;0.036525;0.006736;0.003749;0.003025;0.002919;
0.998184;0.979851;0.894775;0.802437;0.666733;0.291651;0.138487;0.071838;0.043481;0.031670;0.018989;0.009012;
0.999819;0.988007;0.924344;0.843462;0.677739;0.329898;0.174331;0.086519;0.046984;0.025973;0.010463;0.004988;
0.983011;0.937486;0.855752;0.783454;0.639520;0.295106;0.151787;0.075060;0.037147;0.020864;0.012861;0.008005;
0.995534;0.975595;0.875765;0.784616;0.627181;0.276426;0.119477;0.043288;0.014086;0.005290;0.003402;0.002868;
0.999973;0.992346;0.887533;0.784375;0.614833;0.227054;0.098896;0.033330;0.008120;0.004449;0.003192;0.002873;
0.999937;0.986836;0.872176;0.782923;0.605293;0.250565;0.116505;0.047466;0.018709;0.007151;0.003992;0.002990;
0.996951;0.975187;0.888087;0.808559;0.623063;0.260515;0.121875;0.049453;0.021671;0.015414;0.008732;0.004594;
0.999774;0.986487;0.909983;0.819331;0.637096;0.252268;0.109386;0.047249;0.015781;0.007615;0.003548;0.002833;
0.981513;0.952252;0.845557;0.776916;0.617977;0.260770;0.120827;0.049510;0.019013;0.008266;0.003758;0.002833;
0.999579;0.967472;0.877131;0.805883;0.621835;0.262156;0.121604;0.050095;0.017899;0.007580;0.004645;0.003585;
0.997484;0.969338;0.874252;0.808882;0.639157;0.289783;0.139978;0.056662;0.021112;0.009249;0.003613;0.002933;
0.999980;0.986559;0.887501;0.808320;0.644988;0.298141;0.151501;0.074300;0.034922;0.015229;0.004702;0.003121;
0.999698;0.990242;0.874384;0.791254;0.629367;0.277365;0.132753;0.062534;0.029455;0.015047;0.005904;0.002976;
0.999738;0.975931;0.876931;0.785379;0.601541;0.238190;0.088925;0.023460;0.004189;0.003302;0.002910;0.002810;
0.999561;0.982918;0.898340;0.808277;0.618239;0.229577;0.085968;0.023064;0.005559;0.003328;0.002810;0.002810;
0.999944;0.979174;0.874978;0.786047;0.616262;0.237732;0.098273;0.031993;0.007733;0.004140;0.002911;0.002827;
0.999643;0.980904;0.872045;0.792896;0.637090;0.265632;0.137410;0.082280;0.064020;0.053492;0.040220;0.021997;
0.997356;0.967747;0.867205;0.790088;0.628723;0.245396;0.104004;0.025437;0.005029;0.003104;0.002810;0.002810;
0.999774;0.985524;0.886298;0.791583;0.637123;0.246896;0.100923;0.030871;0.009073;0.005279;0.002810;0.002810;
0.996762;0.975097;0.891028;0.812223;0.643630;0.244210;0.108770;0.035910;0.008771;0.004574;0.002896;0.002896;
0.999878;0.980167;0.882872;0.789932;0.632183;0.255541;0.103954;0.034984;0.012129;0.006254;0.003239;0.002896;
0.999435;0.980531;0.887473;0.796252;0.655382;0.285455;0.135069;0.063908;0.032804;0.026345;0.019703;0.012828;
0.998597;0.964456;0.885731;0.789770;0.653250;0.272304;0.103473;0.029775;0.004092;0.003270;0.002896;0.002896;
0.999833;0.976543;0.878802;0.804005;0.665399;0.278465;0.113913;0.038387;0.007785;0.004840;0.002917;0.002896;
0.987097;0.963738;0.865154;0.800255;0.644348;0.299345;0.137824;0.060602;0.025375;0.015490;0.009269;0.004884;
0.994384;0.962046;0.858550;0.786130;0.642255;0.300613;0.135796;0.054340;0.022471;0.013588;0.006489;0.003012;
0.998114;0.966645;0.885918;0.805151;0.654359;0.269111;0.117441;0.047081;0.017555;0.007999;0.003766;0.002868;
0.999992;0.993587;0.894987;0.802134;0.665046;0.263507;0.108451;0.042204;0.010238;0.005317;0.003503;0.002871;
0.999991;0.992716;0.890503;0.795807;0.657410;0.255148;0.098641;0.029159;0.003405;0.003204;0.002868;0.002868;
0.999991;0.992652;0.895195;0.807486;0.664814;0.259608;0.105091;0.032146;0.004538;0.003215;0.002868;0.002868;
0.999933;0.994880;0.911810;0.807701;0.691136;0.318676;0.176622;0.093792;0.047635;0.024392;0.004506;0.002868;
1.000000;0.995076;0.904665;0.803239;0.658381;0.273831;0.118089;0.041355;0.007746;0.003306;0.002866;0.002866;
0.997109;0.987024;0.891579;0.805156;0.658976;0.298765;0.143570;0.061217;0.028946;0.019033;0.012243;0.006797;
0.999277;0.978274;0.885170;0.799013;0.663787;0.308216;0.157004;0.081425;0.050579;0.037405;0.022141;0.008232;
0.999513;0.977578;0.891387;0.804846;0.657801;0.279715;0.120398;0.043895;0.013012;0.005824;0.004105;0.003096;
0.999987;0.987088;0.887862;0.805821;0.637747;0.283608;0.125398;0.058875;0.029799;0.022829;0.016198;0.007567;
0.999911;0.981873;0.882635;0.797412;0.626542;0.238784;0.094623;0.026064;0.004111;0.003270;0.002867;0.002866;
0.998901;0.965113;0.865743;0.795611;0.628000;0.272414;0.127416;0.043401;0.012113;0.005284;0.003088;0.002869;
0.999881;0.982062;0.901567;0.814493;0.663339;0.305762;0.157394;0.084749;0.045080;0.029191;0.017121;0.006303;
0.978853;0.938104;0.872205;0.815350;0.651573;0.331876;0.187962;0.107195;0.058746;0.041111;0.025824;0.015849;
0.994212;0.969973;0.894319;0.818357;0.688024;0.316587;0.162351;0.080067;0.039549;0.020688;0.010793;0.005476;
0.999989;0.992985;0.909766;0.843481;0.700345;0.358980;0.211243;0.119881;0.066732;0.040673;0.024237;0.013020;
0.992574;0.940132;0.864605;0.806182;0.653496;0.337632;0.187713;0.108660;0.056077;0.026437;0.010841;0.004965;
0.998517;0.951707;0.892446;0.829716;0.647561;0.301213;0.140738;0.056930;0.025127;0.012921;0.005548;0.003359;
0.990626;0.946020;0.879003;0.805623;0.614239;0.250584;0.112319;0.043947;0.017255;0.008933;0.005327;0.002886;
0.999919;0.986046;0.898283;0.806686;0.611007;0.228842;0.089144;0.025380;0.003923;0.003260;0.002886;0.002886;
0.998518;0.978215;0.893835;0.800747;0.641494;0.280237;0.139326;0.067425;0.032578;0.008803;0.002891;0.002886;
0.976701;0.938150;0.876322;0.799918;0.650880;0.270732;0.136731;0.067004;0.035836;0.023203;0.013082;0.003331;
0.999753;0.982274;0.898120;0.803206;0.651247;0.270771;0.125411;0.049805;0.014566;0.007617;0.004316;0.002886;
0.999478;0.980910;0.878230;0.792895;0.644253;0.238803;0.098020;0.035852;0.012071;0.008024;0.005743;0.004013;
0.999991;0.990087;0.892346;0.795618;0.648010;0.242284;0.096237;0.031895;0.004834;0.003230;0.002877;0.002877;
0.999667;0.989566;0.868770;0.776085;0.636303;0.248749;0.111184;0.044592;0.015094;0.005902;0.002877;0.002877;
0.998835;0.963551;0.889108;0.812989;0.679767;0.303697;0.147559;0.062598;0.017868;0.006831;0.003706;0.003090;
0.985245;0.948708;0.883244;0.800207;0.664697;0.278772;0.126809;0.040141;0.008739;0.004556;0.002893;0.002877;
0.999488;0.976164;0.888556;0.821672;0.674874;0.327276;0.174692;0.091591;0.046841;0.028449;0.014778;0.009775;
0.999987;0.987669;0.900796;0.829685;0.670796;0.319201;0.163472;0.075273;0.027558;0.010714;0.004652;0.003059;
0.997818;0.969967;0.900752;0.826645;0.647309;0.300698;0.139323;0.056921;0.018081;0.006768;0.003125;0.002886;
0.995126;0.950208;0.876518;0.813632;0.655654;0.299491;0.144357;0.073070;0.036183;0.024144;0.015642;0.006279;
0.999922;0.981053;0.887421;0.794379;0.649931;0.265335;0.113980;0.043983;0.011476;0.005710;0.003267;0.002886;
0.998751;0.969851;0.863362;0.782422;0.650003;0.267208;0.117138;0.045232;0.011788;0.005132;0.002910;0.002886;
0.999456;0.980219;0.884257;0.806997;0.671085;0.294992;0.135594;0.058780;0.021543;0.009769;0.004419;0.002931;
0.999919;0.986806;0.889194;0.796509;0.641341;0.249416;0.093545;0.028867;0.003785;0.003160;0.002886;0.002886;
0.999996;0.994464;0.895962;0.802566;0.682466;0.295842;0.133684;0.057970;0.026715;0.019315;0.012926;0.007815;
0.998133;0.967784;0.864876;0.772469;0.620956;0.247281;0.094364;0.026814;0.003530;0.003185;0.002861;0.002861;
0.999952;0.985535;0.869116;0.779365;0.637949;0.243544;0.090058;0.028300;0.004601;0.003346;0.002861;0.002861;
0.999987;0.991921;0.893266;0.799629;0.660979;0.254099;0.097642;0.036556;0.009077;0.004788;0.002863;0.002861;
0.998987;0.979272;0.870905;0.781258;0.637942;0.246667;0.090887;0.026277;0.003471;0.003295;0.002892;0.002861;
0.999951;0.990628;0.878777;0.787706;0.653840;0.263253;0.098518;0.031783;0.005525;0.003388;0.002861;0.002861;
0.992318;0.967883;0.874220;0.789848;0.663402;0.299959;0.139251;0.062520;0.028901;0.017598;0.010227;0.003776;
0.992224;0.968226;0.887505;0.796785;0.647057;0.260949;0.109862;0.041659;0.010806;0.006098;0.003280;0.002912;
0.999907;0.978410;0.877435;0.784516;0.646270;0.268038;0.108249;0.033331;0.004553;0.003579;0.002905;0.002905;
0.998563;0.967508;0.863945;0.797338;0.677669;0.325610;0.158291;0.066069;0.018560;0.006640;0.004034;0.003364;
0.997830;0.971289;0.892030;0.810754;0.668924;0.298058;0.133936;0.057134;0.021823;0.013099;0.007715;0.005212;
0.999302;0.980769;0.888471;0.812049;0.655217;0.323741;0.157325;0.067105;0.019348;0.004665;0.002911;0.002905;
0.979906;0.947156;0.878984;0.796412;0.651080;0.259465;0.110930;0.046977;0.017711;0.013850;0.008916;0.004337;
0.999725;0.982422;0.911594;0.839668;0.702704;0.352419;0.192908;0.105496;0.048568;0.024885;0.006274;0.003047;
0.999307;0.977681;0.912909;0.824507;0.680099;0.316408;0.165135;0.081746;0.037082;0.022791;0.009731;0.003511;
0.999964;0.991632;0.920662;0.838390;0.709200;0.352891;0.190355;0.098625;0.044161;0.021904;0.011061;0.005943;
0.999780;0.972119;0.886130;0.813229;0.653490;0.293405;0.139799;0.063643;0.028369;0.013730;0.005163;0.002998;
0.999499;0.969643;0.885063;0.803536;0.648264;0.266099;0.112572;0.050501;0.023184;0.012190;0.006107;0.003237;
0.999685;0.971918;0.904078;0.822730;0.671008;0.319693;0.148326;0.052141;0.015145;0.008974;0.006081;0.003302;
0.999672;0.975286;0.884138;0.802691;0.652958;0.268286;0.109864;0.041309;0.009167;0.003485;0.002868;0.002867;
0.999970;0.987731;0.890974;0.793719;0.645749;0.258125;0.101188;0.034290;0.004742;0.003228;0.002868;0.002867;
0.994961;0.940787;0.844757;0.771885;0.633135;0.242942;0.093956;0.031094;0.004198;0.003229;0.002868;0.002868;
0.998855;0.957030;0.874898;0.796017;0.660995;0.261988;0.101012;0.027930;0.003531;0.003231;0.002868;0.002868;
0.997483;0.965792;0.872205;0.790548;0.654351;0.262893;0.107122;0.041141;0.011851;0.003524;0.002899;0.002868;
0.999952;0.987856;0.884900;0.783857;0.638400;0.249042;0.097104;0.029189;0.003471;0.003160;0.002868;0.002868;
0.999907;0.988252;0.889545;0.791849;0.641388;0.241584;0.086735;0.027055;0.004724;0.003138;0.002840;0.002840;
0.999967;0.986304;0.886232;0.804175;0.682997;0.316590;0.148684;0.063314;0.021956;0.005900;0.002863;0.002840;
0.999392;0.983901;0.906071;0.833133;0.688313;0.311697;0.154926;0.069895;0.029808;0.012189;0.005243;0.003352;
0.997853;0.960012;0.871871;0.799503;0.676177;0.326810;0.145202;0.057948;0.019730;0.011748;0.007432;0.003730;
0.979140;0.933163;0.850036;0.770505;0.626216;0.270615;0.114206;0.043350;0.015812;0.009549;0.004248;0.002840;
0.992016;0.946090;0.863998;0.800328;0.681621;0.339103;0.155962;0.067176;0.030990;0.016391;0.006565;0.004038;
0.994794;0.958264;0.882566;0.822808;0.660971;0.348917;0.186616;0.101492;0.048332;0.026304;0.015022;0.008508;
0.998528;0.960551;0.900266;0.818140;0.616414;0.278474;0.114890;0.041459;0.006534;0.003212;0.002837;0.002837;
0.999707;0.978916;0.886325;0.805816;0.634060;0.267699;0.121687;0.055900;0.023254;0.015151;0.008992;0.003653;
0.999041;0.972151;0.876303;0.788262;0.601502;0.238142;0.100393;0.030377;0.004567;0.003211;0.002837;0.002837;
0.999239;0.977694;0.896149;0.823240;0.649540;0.260446;0.109373;0.032863;0.004619;0.003046;0.002837;0.002837;
0.999265;0.969118;0.874722;0.790965;0.609440;0.239525;0.096332;0.031037;0.008995;0.005130;0.002837;0.002837;
0.999983;0.986082;0.883031;0.804304;0.624908;0.234180;0.083049;0.021495;0.004332;0.003288;0.002861;0.002837;
0.996007;0.965804;0.876221;0.808656;0.633143;0.243537;0.097436;0.028048;0.007151;0.003194;0.002840;0.002840;
0.997258;0.957846;0.869437;0.804532;0.669976;0.331309;0.173072;0.083276;0.043405;0.027552;0.020430;0.016111;
0.999963;0.989487;0.881317;0.798698;0.642561;0.274768;0.117580;0.040540;0.005324;0.003132;0.002840;0.002840;
0.999996;0.994634;0.913136;0.829232;0.666943;0.282857;0.142416;0.075332;0.039223;0.026985;0.014854;0.006315;
0.999424;0.983601;0.906147;0.815929;0.665714;0.272048;0.125036;0.058043;0.022130;0.015429;0.009217;0.005241;
0.999763;0.976804;0.904941;0.823135;0.674982;0.307882;0.141145;0.053069;0.014565;0.008688;0.005330;0.002840;
0.999935;0.987421;0.891918;0.813970;0.666939;0.268547;0.116875;0.045665;0.012775;0.005776;0.003901;0.002858;
0.997680;0.974978;0.890921;0.802976;0.649312;0.256921;0.107115;0.046277;0.015760;0.008663;0.004167;0.003013;
0.999919;0.976941;0.884831;0.798420;0.658022;0.258777;0.102320;0.033215;0.004850;0.003200;0.002858;0.002858;
0.999905;0.986758;0.886981;0.791406;0.650173;0.259415;0.104013;0.037052;0.010787;0.006419;0.003385;0.002858;
0.994001;0.966505;0.866375;0.789556;0.658939;0.268279;0.122048;0.046181;0.015804;0.010011;0.005877;0.002969;
0.999416;0.987445;0.895782;0.796348;0.632508;0.261006;0.111247;0.036474;0.005690;0.003188;0.002858;0.002858;
0.999721;0.957916;0.848736;0.783154;0.641471;0.254171;0.093914;0.030256;0.005093;0.003671;0.002848;0.002848;
0.999845;0.981098;0.896097;0.814389;0.669951;0.272334;0.118373;0.049944;0.015597;0.005953;0.002867;0.002848;
0.999966;0.988919;0.882411;0.790763;0.658636;0.254389;0.092923;0.024345;0.003245;0.003197;0.002848;0.002848;
0.999971;0.983377;0.880860;0.782622;0.644717;0.242971;0.090919;0.025808;0.003429;0.003200;0.002848;0.002848;
0.988384;0.954568;0.868739;0.784660;0.650894;0.252280;0.103270;0.039393;0.010498;0.007423;0.005193;0.002887;
0.995905;0.952962;0.876736;0.785562;0.656170;0.269295;0.117250;0.053760;0.023803;0.017436;0.010560;0.006997;
0.999608;0.981962;0.905454;0.813480;0.694801;0.321173;0.150571;0.059580;0.019564;0.010362;0.004248;0.002935;
0.990224;0.942141;0.847709;0.770866;0.609397;0.246407;0.094587;0.030354;0.004333;0.003229;0.002858;0.002858;
0.999827;0.980623;0.907177;0.821773;0.677042;0.290408;0.137793;0.064181;0.026808;0.011038;0.005004;0.002868;
0.998703;0.962100;0.862760;0.781341;0.640270;0.273094;0.117586;0.046400;0.016590;0.010392;0.004601;0.002858;
0.999387;0.969246;0.877307;0.791462;0.662665;0.289357;0.110250;0.027674;0.003253;0.003146;0.002858;0.002858;
0.999460;0.979058;0.888511;0.809870;0.682352;0.299188;0.119923;0.044396;0.010037;0.004631;0.003100;0.002858;
0.999206;0.982694;0.883255;0.785565;0.613173;0.235238;0.083024;0.028433;0.005538;0.004894;0.004264;0.003954;
0.999049;0.962199;0.870189;0.792678;0.639250;0.252435;0.092325;0.029376;0.004840;0.003188;0.002833;0.002833;
0.999916;0.986007;0.893991;0.805050;0.644417;0.253315;0.093536;0.029072;0.003992;0.003183;0.002833;0.002833;
0.999945;0.984102;0.901632;0.833095;0.699001;0.329022;0.164667;0.077406;0.029545;0.010430;0.004211;0.002833;
0.999470;0.977913;0.871496;0.795978;0.645752;0.295462;0.137428;0.047645;0.007702;0.003542;0.002833;0.002833;
0.989096;0.944087;0.862316;0.788934;0.632907;0.276245;0.118134;0.047731;0.012651;0.007669;0.004902;0.003627;
0.988448;0.952837;0.885120;0.811902;0.652369;0.319298;0.157661;0.078143;0.043253;0.028815;0.020584;0.016542;
0.987203;0.935135;0.880441;0.804714;0.676756;0.349244;0.171961;0.077913;0.034027;0.016532;0.007718;0.003001;
0.999890;0.971827;0.901621;0.820118;0.676644;0.303571;0.131689;0.052141;0.017460;0.010161;0.005881;0.004136;
0.998493;0.952994;0.884597;0.804899;0.657459;0.310158;0.158898;0.087586;0.044478;0.028659;0.011421;0.003086;
0.999941;0.984963;0.892076;0.800460;0.648949;0.249962;0.097679;0.033092;0.006297;0.003716;0.002877;0.002877;
0.998672;0.986048;0.894756;0.790549;0.629157;0.231441;0.090152;0.025092;0.003492;0.003129;0.002877;0.002877;
0.999964;0.987316;0.895012;0.807057;0.668162;0.281348;0.126885;0.050958;0.021797;0.014134;0.006574;0.002877;
0.999961;0.985786;0.876824;0.784660;0.639584;0.252511;0.098171;0.034185;0.007155;0.004048;0.002916;0.002877;
0.982146;0.941416;0.838861;0.768058;0.639647;0.280097;0.123875;0.054212;0.021442;0.012195;0.006390;0.002938;
0.999942;0.986586;0.890285;0.804073;0.679733;0.302983;0.145946;0.069979;0.033460;0.018509;0.009026;0.005913;
0.999698;0.976493;0.878416;0.787651;0.651510;0.278383;0.111349;0.030561;0.004418;0.003229;0.002854;0.002854;
0.999817;0.984886;0.890360;0.798424;0.656301;0.275616;0.114561;0.035319;0.005416;0.003277;0.002854;0.002854;
0.999837;0.984714;0.898133;0.803796;0.660053;0.263945;0.118702;0.055240;0.024814;0.020163;0.016478;0.012318;
0.992109;0.956400;0.885852;0.781521;0.633865;0.230449;0.089095;0.026066;0.003492;0.003205;0.002854;0.002854;
0.997645;0.966184;0.863759;0.777174;0.652399;0.269617;0.116122;0.044519;0.012601;0.006667;0.003123;0.002866;
0.999768;0.984186;0.895584;0.819032;0.690710;0.300442;0.130441;0.049937;0.014893;0.005519;0.002970;0.002866;
0.999797;0.986044;0.886885;0.793636;0.656580;0.258487;0.102183;0.034941;0.004632;0.003321;0.002877;0.002866;
0.999628;0.977139;0.881944;0.798538;0.673485;0.306032;0.137888;0.056936;0.019056;0.008801;0.004092;0.002866;
0.999456;0.976519;0.897244;0.809995;0.655669;0.262347;0.104953;0.041521;0.015217;0.009013;0.005073;0.002866;
0.994656;0.947951;0.856079;0.771909;0.635800;0.255306;0.102250;0.031663;0.004485;0.003295;0.002891;0.002872;
0.999983;0.990954;0.888925;0.798496;0.664634;0.293313;0.142559;0.064553;0.026676;0.007033;0.003112;0.002837;
0.998648;0.972575;0.901822;0.836143;0.693799;0.359080;0.206835;0.124320;0.069172;0.034880;0.017176;0.008695;
0.993628;0.943707;0.884911;0.823214;0.659368;0.342462;0.177910;0.099435;0.052740;0.026533;0.012184;0.003757;
0.990873;0.957293;0.882663;0.806068;0.658730;0.316224;0.153575;0.073356;0.024084;0.008524;0.003328;0.002837;
0.999979;0.982133;0.892958;0.792702;0.615371;0.236796;0.096493;0.035000;0.009160;0.004133;0.002865;0.002837;
0.999996;0.986480;0.902247;0.812968;0.635018;0.251899;0.114679;0.046468;0.013340;0.004687;0.002961;0.002837;
0.999985;0.990558;0.891723;0.783996;0.613554;0.226625;0.085738;0.024413;0.004221;0.003875;0.003319;0.003159;
0.984227;0.947548;0.857412;0.773121;0.614993;0.250753;0.102061;0.027744;0.003741;0.003104;0.002835;0.002835;
0.999817;0.979240;0.880392;0.798392;0.651070;0.250661;0.110295;0.042185;0.014580;0.007870;0.005135;0.003805;
0.996079;0.969327;0.865103;0.773566;0.641517;0.277248;0.117831;0.045251;0.016613;0.009576;0.004729;0.003541;
0.999570;0.985897;0.879540;0.787811;0.642145;0.245076;0.090913;0.026906;0.005025;0.003164;0.002835;0.002835;
0.999996;0.994654;0.888136;0.803625;0.676862;0.300095;0.144041;0.071977;0.031941;0.010638;0.004220;0.002835;
0.984244;0.951461;0.852284;0.780864;0.660635;0.289376;0.127828;0.057030;0.026925;0.020831;0.016806;0.013447;
1.000000;0.996518;0.915202;0.833319;0.689928;0.290174;0.126896;0.063214;0.028075;0.015362;0.006106;0.002955;
0.998653;0.983706;0.905860;0.808746;0.662110;0.285308;0.122690;0.054405;0.023515;0.016272;0.011480;0.007311;
1.000000;0.995545;0.898864;0.794379;0.649781;0.240999;0.090551;0.027118;0.003711;0.003213;0.002837;0.002837;
0.999992;0.994127;0.904721;0.811666;0.681089;0.296150;0.149285;0.079371;0.040165;0.022668;0.009924;0.004273;
0.999927;0.990187;0.895712;0.806336;0.670596;0.273190;0.120880;0.045447;0.019180;0.010392;0.005837;0.004506;
0.999823;0.977929;0.872339;0.803834;0.662923;0.313646;0.165399;0.092957;0.056466;0.045600;0.035982;0.025262;
0.999558;0.971225;0.868535;0.784706;0.654543;0.298034;0.132108;0.051533;0.012884;0.006146;0.003316;0.002856;
0.930972;0.876086;0.808863;0.716429;0.543926;0.215336;0.093562;0.043849;0.021784;0.017486;0.011829;0.004056;
0.997024;0.950330;0.862354;0.780346;0.604412;0.219144;0.086025;0.024551;0.003500;0.003240;0.002856;0.002856;
0.998916;0.960425;0.884021;0.805506;0.615144;0.240339;0.102131;0.034204;0.009824;0.004775;0.002862;0.002856;
0.994885;0.932442;0.847510;0.767552;0.595601;0.223653;0.084307;0.025452;0.006375;0.003364;0.002865;0.002856;
0.996063;0.965511;0.862586;0.779977;0.618611;0.259512;0.115819;0.040284;0.011892;0.004036;0.002918;0.002874;
0.996376;0.950776;0.851341;0.783236;0.623114;0.258590;0.100637;0.031184;0.009242;0.003843;0.002870;0.002845;
0.999896;0.978051;0.870333;0.793962;0.599154;0.230827;0.091687;0.027068;0.005459;0.003231;0.002846;0.002846;
0.999048;0.947884;0.855856;0.785033;0.595479;0.253937;0.123905;0.044136;0.014622;0.007316;0.003110;0.002846;
0.999411;0.971378;0.886204;0.792781;0.662337;0.302598;0.147081;0.056679;0.015401;0.008045;0.005062;0.003553;
0.996480;0.977522;0.894266;0.831972;0.672806;0.302509;0.140272;0.052385;0.021451;0.010111;0.004817;0.003337;
0.999331;0.963299;0.851564;0.795104;0.657387;0.326781;0.169378;0.074017;0.026854;0.009532;0.003885;0.003235;
0.999980;0.991803;0.902857;0.817020;0.633626;0.248383;0.094004;0.029494;0.007115;0.003813;0.002874;0.002860;
0.999991;0.994871;0.895560;0.793651;0.609260;0.219779;0.081724;0.023792;0.004580;0.003089;0.002856;0.002856;
0.994741;0.976863;0.903079;0.813486;0.632690;0.241098;0.109224;0.046761;0.018801;0.010958;0.006519;0.003561;
0.998363;0.966339;0.883671;0.809306;0.647103;0.272753;0.120583;0.039270;0.007053;0.003571;0.002960;0.002879;
0.986279;0.942360;0.862772;0.786280;0.613568;0.275051;0.145852;0.069133;0.029277;0.013116;0.005490;0.003503;
0.991951;0.962985;0.871649;0.804697;0.623005;0.268650;0.138074;0.064676;0.033011;0.020222;0.012714;0.004302;
0.999728;0.978810;0.900628;0.822232;0.639631;0.276547;0.128180;0.059602;0.031820;0.020983;0.013397;0.005704;
0.992681;0.928138;0.839149;0.776695;0.610872;0.286822;0.128885;0.048133;0.015842;0.006238;0.003529;0.002831;
0.999721;0.980552;0.906381;0.828666;0.630258;0.264589;0.131847;0.068993;0.029370;0.009583;0.004096;0.002968;
0.997401;0.955748;0.881436;0.800773;0.607123;0.239529;0.113102;0.045669;0.018493;0.009997;0.003537;0.002831;
0.998882;0.961160;0.867567;0.796063;0.629000;0.255569;0.111190;0.041157;0.013050;0.005113;0.003199;0.002957;
0.998516;0.968039;0.880578;0.793048;0.629944;0.255758;0.101566;0.030494;0.006002;0.003178;0.002832;0.002831;
0.999342;0.975841;0.883633;0.804875;0.634542;0.259617;0.111876;0.043831;0.017646;0.007646;0.003827;0.002869;
0.999992;0.991862;0.898258;0.806044;0.628868;0.237324;0.086449;0.027945;0.006592;0.004127;0.003492;0.003324;
0.999783;0.984071;0.888594;0.793461;0.637547;0.247801;0.101530;0.034149;0.012109;0.005289;0.002874;0.002874;
0.999928;0.986122;0.910152;0.815716;0.651423;0.258908;0.117202;0.049666;0.019653;0.009073;0.004771;0.002996;
0.999791;0.980815;0.901330;0.804365;0.623051;0.233405;0.084865;0.024632;0.005233;0.003229;0.002874;0.002874;
0.995277;0.941727;0.863957;0.790860;0.624872;0.253095;0.110143;0.038207;0.011580;0.004020;0.003159;0.002998;
0.999985;0.986840;0.875372;0.796710;0.609006;0.216079;0.078244;0.021444;0.003349;0.003237;0.002874;0.002874;
0.998330;0.951540;0.849958;0.777989;0.630862;0.278163;0.129070;0.048516;0.012469;0.004556;0.002878;0.002852;
0.999992;0.996611;0.908095;0.824199;0.667019;0.300298;0.174541;0.107923;0.071208;0.053305;0.040960;0.030068;
0.999836;0.979147;0.875371;0.792804;0.606086;0.237405;0.103503;0.039695;0.009555;0.003596;0.002853;0.002852;
0.999934;0.982984;0.880704;0.789925;0.609877;0.219104;0.077186;0.019220;0.003316;0.003226;0.002852;0.002852;
0.999377;0.975908;0.897345;0.818009;0.645388;0.274650;0.146480;0.086911;0.060380;0.047478;0.034974;0.027931;
0.999616;0.974762;0.893698;0.829936;0.656303;0.278076;0.131110;0.063156;0.028520;0.014117;0.004404;0.003120;
0.982269;0.939659;0.881655;0.819013;0.636172;0.308630;0.148711;0.060564;0.018247;0.004003;0.002881;0.002868;
0.983371;0.929608;0.846502;0.776939;0.629883;0.296144;0.132743;0.043827;0.006845;0.003339;0.002868;0.002868;
0.977600;0.925608;0.855482;0.776583;0.564831;0.213105;0.090653;0.027367;0.005256;0.003515;0.002868;0.002868;
0.999859;0.978095;0.884081;0.795293;0.618045;0.245875;0.110020;0.046203;0.021310;0.012614;0.007145;0.004112;
0.999859;0.979345;0.892016;0.811782;0.629784;0.263277;0.128481;0.060652;0.028994;0.016845;0.007985;0.003172;
0.998011;0.967569;0.866117;0.782116;0.592199;0.222368;0.092517;0.027031;0.005888;0.003258;0.002868;0.002868;
0.999991;0.989857;0.895610;0.805705;0.642665;0.274006;0.130536;0.055970;0.019561;0.010225;0.005952;0.003223;
0.999819;0.970838;0.857225;0.777776;0.603509;0.229444;0.082856;0.018219;0.003409;0.003190;0.002840;0.002840;
0.998174;0.985526;0.889198;0.802661;0.641276;0.247628;0.103759;0.036858;0.013429;0.005756;0.002867;0.002840;
0.999223;0.976740;0.876468;0.790197;0.631903;0.252745;0.112244;0.044280;0.016192;0.005821;0.003032;0.002857;
0.999956;0.984614;0.893460;0.810194;0.639170;0.261656;0.117874;0.049511;0.026404;0.020641;0.013620;0.005107;
0.977554;0.933783;0.886449;0.802997;0.597396;0.245137;0.111941;0.040175;0.013398;0.005393;0.003312;0.002840;
0.999952;0.984894;0.887050;0.799977;0.626502;0.240864;0.097575;0.029875;0.005043;0.003140;0.002840;0.002840;
0.999979;0.993278;0.903799;0.826293;0.666472;0.283497;0.131608;0.057354;0.026921;0.012738;0.007164;0.003410;
0.999642;0.967913;0.905036;0.833194;0.661414;0.323698;0.174321;0.092288;0.059519;0.042259;0.026684;0.013602;
0.999583;0.984389;0.903143;0.820265;0.629689;0.266641;0.105277;0.032922;0.007458;0.003457;0.002837;0.002837;
0.999899;0.985256;0.895900;0.814545;0.631750;0.268306;0.118997;0.038237;0.009121;0.004351;0.003158;0.002959;
0.997565;0.961514;0.892041;0.801376;0.628122;0.260982;0.122573;0.055766;0.029533;0.016563;0.005932;0.002837;
0.999878;0.982573;0.904506;0.808271;0.620866;0.219676;0.087829;0.027010;0.006775;0.004747;0.002853;0.002837;
0.993202;0.965257;0.877401;0.819160;0.676766;0.376884;0.222001;0.124231;0.053014;0.022566;0.007399;0.003287;
0.989876;0.947939;0.886635;0.831554;0.674167;0.347670;0.177424;0.091757;0.039350;0.013765;0.006512;0.002854;
0.998601;0.962219;0.869131;0.788914;0.607924;0.262724;0.093649;0.026782;0.004542;0.003556;0.002840;0.002840;
0.994989;0.969395;0.885396;0.800270;0.634478;0.279978;0.133534;0.058032;0.022021;0.012646;0.006179;0.003122;
0.999856;0.988393;0.919591;0.828831;0.628387;0.253523;0.103160;0.032449;0.003816;0.003090;0.002840;0.002840;
0.996112;0.953560;0.859206;0.789673;0.610908;0.239844;0.098336;0.031890;0.009442;0.003525;0.002840;0.002840;
0.999184;0.972585;0.875507;0.788102;0.626512;0.256630;0.109570;0.032906;0.004650;0.003128;0.002858;0.002858;
0.999845;0.974860;0.868130;0.790112;0.611531;0.230138;0.085814;0.022467;0.004826;0.003163;0.002865;0.002859;
0.999709;0.981032;0.864584;0.785218;0.610417;0.234478;0.092646;0.026168;0.004223;0.003189;0.002863;0.002858;
0.999255;0.970231;0.859160;0.784782;0.608014;0.246560;0.108671;0.040355;0.015519;0.010319;0.007508;0.005022;
0.999978;0.987330;0.880704;0.800179;0.610307;0.229047;0.096591;0.034574;0.012100;0.005553;0.003251;0.002858;
0.999992;0.992590;0.885027;0.795329;0.629941;0.233657;0.082397;0.021035;0.003601;0.003194;0.002858;0.002858;
0.999873;0.983166;0.882593;0.795763;0.637771;0.248115;0.096991;0.029440;0.005781;0.003330;0.002858;0.002858;
0.999953;0.990060;0.898887;0.804018;0.640264;0.238158;0.096997;0.033526;0.006777;0.004650;0.002949;0.002848;
0.999987;0.991022;0.901323;0.806366;0.669888;0.289719;0.126089;0.049380;0.015204;0.007683;0.004290;0.002848;
0.999762;0.977489;0.883627;0.789350;0.650281;0.256395;0.105880;0.034127;0.003975;0.003205;0.002848;0.002848;
0.999021;0.970270;0.891285;0.828066;0.699794;0.338741;0.181941;0.095519;0.041035;0.016896;0.007974;0.003376;
0.998747;0.968309;0.888071;0.815764;0.675406;0.340501;0.174708;0.079897;0.033394;0.012168;0.004251;0.003036;
0.999798;0.974346;0.884056;0.809398;0.649223;0.300940;0.152695;0.072906;0.037143;0.018049;0.008690;0.004083;
0.999988;0.987566;0.870722;0.784170;0.644252;0.294778;0.124584;0.043349;0.009092;0.004766;0.003780;0.003366;
0.999970;0.988327;0.881345;0.788526;0.647764;0.265114;0.111965;0.039657;0.007338;0.003956;0.003252;0.003030;
0.999683;0.976288;0.875405;0.802490;0.684470;0.328826;0.159523;0.070086;0.027167;0.008238;0.002986;0.002858;
0.999979;0.993421;0.899378;0.812044;0.667958;0.300477;0.146906;0.065842;0.022619;0.007356;0.002858;0.002858;
0.999883;0.974987;0.867855;0.784231;0.633464;0.249460;0.098419;0.030405;0.004871;0.003262;0.002858;0.002858;
0.999982;0.992233;0.892400;0.811474;0.671506;0.285818;0.130654;0.050591;0.014906;0.007648;0.003270;0.002858;
0.999605;0.986788;0.907615;0.835224;0.696461;0.342343;0.185961;0.100799;0.047412;0.024286;0.005951;0.002852;
0.998646;0.965095;0.882965;0.804747;0.656276;0.291260;0.137957;0.057180;0.014500;0.006207;0.003737;0.002833;
0.999615;0.976933;0.880516;0.799546;0.665289;0.290474;0.126329;0.052088;0.021044;0.013410;0.009008;0.006200;
0.999903;0.990645;0.924578;0.844460;0.681592;0.288904;0.135005;0.060792;0.021919;0.013988;0.008366;0.004418;
0.999255;0.973622;0.885414;0.815218;0.682768;0.330748;0.175113;0.097684;0.054540;0.028269;0.012105;0.005025;
0.999482;0.970240;0.893728;0.830469;0.667170;0.310193;0.147929;0.060369;0.020917;0.007585;0.004719;0.003816;
0.997597;0.962134;0.867888;0.790472;0.616891;0.275243;0.124518;0.043638;0.010811;0.004513;0.002877;0.002874;
0.996246;0.971207;0.883964;0.804018;0.631689;0.253095;0.108178;0.038849;0.008803;0.003242;0.002877;0.002877;
0.999869;0.978689;0.900709;0.805945;0.640421;0.248573;0.097528;0.030702;0.010038;0.003229;0.002877;0.002877;
0.998401;0.978496;0.892245;0.809048;0.652027;0.256210;0.112798;0.044104;0.014419;0.004479;0.002877;0.002877;
0.998611;0.975283;0.874784;0.786851;0.630021;0.266033;0.124071;0.053512;0.020618;0.007679;0.004115;0.002943;
0.999938;0.985074;0.899398;0.794723;0.632893;0.246890;0.105489;0.044731;0.020843;0.009639;0.004850;0.003652;
0.991982;0.943480;0.874473;0.785358;0.622276;0.239707;0.095368;0.031763;0.013262;0.006633;0.003321;0.002877;
0.999997;0.995729;0.896022;0.798188;0.640126;0.238855;0.097386;0.044568;0.024392;0.015890;0.011759;0.009106;
0.999295;0.961198;0.882480;0.811182;0.668959;0.328829;0.170986;0.091580;0.052312;0.025846;0.008930;0.003328;
0.983885;0.930011;0.856075;0.783442;0.641773;0.326495;0.156640;0.067648;0.035438;0.019664;0.010319;0.006646;
0.998708;0.971609;0.862832;0.796784;0.650150;0.312582;0.148153;0.069423;0.032313;0.011433;0.005572;0.003481;
0.997461;0.931003;0.855229;0.781966;0.640046;0.291831;0.122895;0.049603;0.023998;0.011229;0.005161;0.003048;
0.999760;0.980269;0.899733;0.820467;0.680628;0.309080;0.137718;0.068929;0.038141;0.020567;0.012030;0.007980;
0.999170;0.963503;0.871074;0.792086;0.601045;0.266753;0.095145;0.034441;0.013251;0.003841;0.002886;0.002886;
0.999805;0.977202;0.866008;0.795739;0.648774;0.311465;0.125671;0.048776;0.015417;0.003668;0.002939;0.002887;
0.999987;0.984811;0.879434;0.796596;0.640587;0.294931;0.109043;0.036707;0.011472;0.003530;0.002886;0.002886;
0.999735;0.984087;0.901808;0.809956;0.663034;0.301571;0.115683;0.044431;0.017863;0.005836;0.002942;0.002886;
0.999982;0.989281;0.897661;0.798130;0.655761;0.291543;0.105532;0.036109;0.008792;0.003408;0.002886;0.002886;
0.999993;0.992334;0.885178;0.797805;0.654962;0.312090;0.123190;0.050356;0.022652;0.010703;0.004272;0.002974;
0.997754;0.976494;0.883881;0.800998;0.654803;0.295559;0.107121;0.036362;0.010941;0.003716;0.002892;0.002862;
0.999945;0.990336;0.890009;0.808646;0.685625;0.356323;0.153811;0.064453;0.022442;0.006991;0.002914;0.002858;
0.999572;0.977637;0.892542;0.805795;0.678668;0.346850;0.148787;0.061993;0.021696;0.006633;0.003147;0.002859;
0.997166;0.947172;0.860875;0.778969;0.654785;0.328688;0.140392;0.062888;0.027066;0.015524;0.011425;0.006765;
0.995515;0.973595;0.897954;0.819792;0.683873;0.350357;0.159396;0.082738;0.048302;0.027587;0.011487;0.003819;
0.999907;0.976889;0.897446;0.825400;0.689128;0.372807;0.167282;0.069616;0.027574;0.012682;0.004822;0.002883;
0.999824;0.971097;0.869276;0.785756;0.654701;0.319505;0.116018;0.038546;0.011999;0.006090;0.004009;0.002880;
0.994676;0.953994;0.835647;0.757995;0.616502;0.292861;0.108380;0.038113;0.010513;0.004304;0.003071;0.002881;
0.999755;0.979887;0.893037;0.809141;0.673707;0.338791;0.128652;0.048733;0.019990;0.006953;0.003636;0.002886;
0.999852;0.986568;0.897948;0.810063;0.685557;0.370089;0.153605;0.059161;0.020843;0.007849;0.003471;0.002939;
0.999322;0.980681;0.883683;0.808885;0.703472;0.397013;0.178134;0.083289;0.031276;0.010048;0.004191;0.003045;
0.999749;0.969716;0.858531;0.791133;0.683484;0.389781;0.164334;0.059414;0.017693;0.007866;0.004706;0.003376;
0.999998;0.990285;0.868532;0.776165;0.672477;0.367605;0.136513;0.047233;0.013908;0.006877;0.004415;0.003372;
0.992869;0.950237;0.857261;0.784964;0.671781;0.364909;0.135434;0.049743;0.016816;0.007780;0.004553;0.003487;
0.999681;0.979708;0.881544;0.791595;0.685162;0.392183;0.161863;0.058582;0.017299;0.008400;0.005038;0.003626;
0.999345;0.970914;0.880215;0.815744;0.701975;0.409226;0.181922;0.073219;0.022448;0.011102;0.006262;0.004106;
1.000000;0.995363;0.881585;0.796239;0.696670;0.424383;0.187717;0.082907;0.035076;0.019095;0.010626;0.004888;
0.999989;0.990901;0.881334;0.805592;0.710308;0.464909;0.225603;0.111457;0.052573;0.027875;0.015880;0.008000;
0.997536;0.948814;0.882120;0.809861;0.722831;0.498789;0.273102;0.139275;0.072279;0.038588;0.020713;0.008382;
0.981278;0.962487;0.898243;0.831086;0.707166;0.457168;0.215949;0.094470;0.040078;0.019681;0.011301;0.007177;
0.999188;0.981230;0.907487;0.824060;0.722051;0.487779;0.263794;0.149178;0.085162;0.056627;0.041600;0.028951;
0.999986;0.985683;0.881404;0.792150;0.685724;0.459657;0.221873;0.104996;0.046630;0.027000;0.016238;0.010126;
0.998013;0.970993;0.898767;0.816248;0.721515;0.505600;0.269959;0.152105;0.088136;0.052911;0.026389;0.014622;
0.998215;0.952529;0.856518;0.776090;0.681120;0.476316;0.249615;0.131253;0.069861;0.042566;0.025570;0.015648;
0.998366;0.973772;0.868851;0.785561;0.707691;0.525611;0.303575;0.169002;0.093988;0.056757;0.035162;0.021362;
0.982143;0.942079;0.852291;0.773859;0.692053;0.511953;0.287115;0.165914;0.104623;0.072922;0.048503;0.030578;
0.999187;0.975033;0.883023;0.790905;0.694176;0.518810;0.301697;0.174319;0.111068;0.078780;0.054281;0.035166;
0.999978;0.987933;0.905370;0.811545;0.720011;0.548238;0.333309;0.196823;0.130814;0.092419;0.065001;0.043346;
0.999989;0.989788;0.896136;0.795510;0.720624;0.566462;0.349295;0.216840;0.151965;0.112297;0.081386;0.056202;
0.986149;0.956303;0.868003;0.795047;0.725633;0.555001;0.355884;0.234059;0.171763;0.132744;0.101889;0.074224;
0.998650;0.956392;0.851868;0.778116;0.697542;0.545916;0.356735;0.252027;0.197750;0.153436;0.115824;0.082832;
0.999922;0.980294;0.870819;0.775306;0.686024;0.497142;0.314911;0.217836;0.170318;0.130946;0.096658;0.069620;
1.000000;0.996174;0.896972;0.807939;0.718727;0.534339;0.364719;0.267220;0.204068;0.151274;0.107609;0.072365;
0.999213;0.970919;0.882778;0.790119;0.683928;0.471155;0.320750;0.247709;0.195129;0.146304;0.105022;0.073150;
0.999991;0.984217;0.877504;0.774772;0.654793;0.454539;0.332766;0.260914;0.200939;0.151012;0.110286;0.077595;
1.000000;0.992609;0.891414;0.778607;0.645116;0.403000;0.276357;0.210587;0.153114;0.109182;0.079035;0.057342;
1.000000;0.995845;0.877901;0.777632;0.608532;0.394946;0.278826;0.213901;0.164857;0.124894;0.091691;0.066081;
0.986557;0.911021;0.760354;0.609634;0.419580;0.250123;0.170303;0.124224;0.093046;0.070988;0.054705;0.041302;
0.996528;0.946618;0.785098;0.582681;0.355608;0.214836;0.138849;0.096994;0.069958;0.052288;0.039474;0.030237;
0.985758;0.894982;0.706132;0.499527;0.238777;0.106865;0.074206;0.054597;0.041794;0.032275;0.025029;0.019863;
0.997594;0.903438;0.724236;0.457348;0.180620;0.105834;0.087113;0.072191;0.058403;0.043324;0.027574;0.018587;
0.991084;0.897347;0.734219;0.465123;0.140397;0.034913;0.017095;0.015293;0.014507;0.013604;0.012645;0.011938;
0.994614;0.901033;0.761574;0.521290;0.155037;0.033035;0.006540;0.003444;0.003408;0.003238;0.002998;0.002964;
0.991418;0.928169;0.814204;0.638339;0.259648;0.084544;0.017355;0.005948;0.003825;0.003127;0.002868;0.002854;
0.975654;0.924487;0.833094;0.657534;0.233289;0.077176;0.018332;0.009690;0.006606;0.004845;0.003027;0.002997;
0.998309;0.945155;0.855487;0.739275;0.316408;0.097425;0.025318;0.011659;0.007255;0.005224;0.003423;0.002896;
0.989558;0.941580;0.853750;0.754825;0.348702;0.104490;0.024236;0.009896;0.006383;0.004654;0.003865;0.003283;
0.998942;0.965938;0.871783;0.777283;0.413204;0.149869;0.046098;0.010844;0.003956;0.003200;0.002899;0.002895;
0.990455;0.943617;0.863309;0.763138;0.393628;0.132544;0.030572;0.003666;0.003299;0.003196;0.002900;0.002895;
0.999658;0.958806;0.867777;0.776388;0.439197;0.147056;0.047007;0.011400;0.003671;0.003207;0.002899;0.002895;
0.981737;0.930622;0.851586;0.764538;0.465614;0.174725;0.061323;0.027456;0.015621;0.008788;0.004885;0.002872;
0.997205;0.972069;0.906172;0.825700;0.569578;0.289774;0.132337;0.057283;0.020762;0.007631;0.002872;0.002871;
0.955584;0.908673;0.854537;0.788555;0.476268;0.243509;0.120229;0.054488;0.025458;0.012400;0.005105;0.002904;
0.978704;0.922050;0.850508;0.771743;0.448096;0.170213;0.053173;0.006654;0.003271;0.003132;0.002872;0.002872;
0.998700;0.959022;0.900286;0.827206;0.555115;0.255590;0.105055;0.046566;0.028673;0.012510;0.007117;0.004746;
0.994653;0.924147;0.840894;0.753475;0.482371;0.199650;0.071500;0.008961;0.003839;0.003161;0.002872;0.002872;
0.980565;0.938077;0.857474;0.770340;0.454898;0.180903;0.071379;0.016518;0.007818;0.003911;0.003043;0.002930;
0.976189;0.955336;0.892152;0.805818;0.525132;0.259784;0.140521;0.074831;0.048649;0.024378;0.004335;0.002877;
0.999980;0.986630;0.889262;0.804419;0.517450;0.225671;0.111442;0.053549;0.033028;0.024249;0.016683;0.004043;
0.984578;0.934391;0.866068;0.781521;0.505681;0.243567;0.131513;0.063859;0.031024;0.010908;0.004947;0.002887;
0.968771;0.925567;0.875934;0.775744;0.499763;0.257395;0.134664;0.065894;0.028036;0.009863;0.004908;0.002877;
0.999690;0.959187;0.875450;0.789833;0.524238;0.266581;0.130186;0.061085;0.031776;0.015137;0.004620;0.002881;
0.997182;0.958576;0.901963;0.808865;0.513537;0.233739;0.105967;0.047920;0.028950;0.017493;0.009053;0.002875;
0.998457;0.928211;0.843484;0.763607;0.469233;0.211019;0.095443;0.024201;0.008734;0.003964;0.002901;0.002847;
0.999472;0.971312;0.873962;0.778659;0.492526;0.200388;0.081497;0.018763;0.006212;0.003126;0.002848;0.002847;
0.999932;0.982490;0.868394;0.781423;0.490193;0.192650;0.075104;0.020043;0.010150;0.004559;0.002863;0.002847;
0.999869;0.974884;0.872326;0.794696;0.558663;0.272296;0.133916;0.055926;0.022791;0.007219;0.003631;0.002848;
0.999863;0.972815;0.884601;0.795939;0.542179;0.222490;0.091474;0.026209;0.009948;0.005412;0.002934;0.002848;
0.999776;0.968494;0.852025;0.762334;0.531778;0.206252;0.082579;0.022013;0.008171;0.003699;0.002848;0.002848;
0.999872;0.976006;0.863071;0.759172;0.493702;0.164162;0.053728;0.008428;0.003243;0.003153;0.002846;0.002846;
0.999846;0.971678;0.867732;0.776289;0.511475;0.186195;0.066789;0.011695;0.003959;0.003166;0.002846;0.002846;
0.999476;0.967918;0.864296;0.779447;0.558129;0.213934;0.086464;0.022511;0.004465;0.003177;0.002847;0.002846;
0.999908;0.992313;0.905015;0.801374;0.554937;0.194741;0.074384;0.022083;0.008084;0.003491;0.002847;0.002846;
0.999729;0.968586;0.875221;0.784736;0.564224;0.219296;0.094349;0.031376;0.013152;0.006727;0.003538;0.002846;
0.998778;0.974383;0.898981;0.811268;0.580209;0.247521;0.113368;0.047104;0.019816;0.008183;0.003135;0.002846;
0.999524;0.961962;0.862028;0.760590;0.557343;0.222154;0.094271;0.025564;0.005373;0.003395;0.002869;0.002848;
0.999979;0.984158;0.874329;0.781751;0.557808;0.209302;0.084947;0.025463;0.009487;0.005900;0.002849;0.002848;
0.999299;0.959995;0.891756;0.800230;0.573647;0.230693;0.096322;0.027228;0.009391;0.006807;0.004354;0.002863;
0.999260;0.963159;0.857286;0.783914;0.596698;0.287103;0.153721;0.069707;0.038217;0.022986;0.011392;0.005093;
0.999975;0.981656;0.884855;0.800659;0.570246;0.246973;0.120677;0.054423;0.024163;0.008504;0.003322;0.002848;
0.999543;0.983602;0.908349;0.828644;0.600068;0.283675;0.155238;0.075117;0.029567;0.009860;0.006459;0.004120;
0.998409;0.972080;0.886532;0.790638;0.560191;0.231306;0.104162;0.036207;0.013549;0.006707;0.003077;0.002867;
0.999915;0.981733;0.877792;0.797088;0.562450;0.211645;0.078730;0.015333;0.003882;0.003240;0.002867;0.002867;
0.990334;0.962020;0.891590;0.801815;0.565875;0.243652;0.122824;0.055430;0.029031;0.014720;0.005016;0.003219;
0.995705;0.956107;0.865960;0.777699;0.560859;0.246369;0.110034;0.040280;0.013875;0.004629;0.002867;0.002867;
0.996245;0.944942;0.845999;0.748940;0.532660;0.239916;0.126543;0.069855;0.043901;0.030807;0.020822;0.009282;
0.999676;0.978658;0.890785;0.817340;0.590429;0.270996;0.114957;0.037278;0.009399;0.003212;0.002867;0.002867;
0.999984;0.983472;0.862127;0.775346;0.562311;0.240920;0.100808;0.025450;0.006937;0.004102;0.002867;0.002867;
0.999979;0.982350;0.880794;0.803129;0.569172;0.219872;0.089792;0.025793;0.004756;0.003166;0.002857;0.002857;
0.999944;0.990765;0.919652;0.850149;0.613865;0.276721;0.135292;0.052513;0.020367;0.006735;0.003166;0.002870;
0.999698;0.980624;0.899408;0.796440;0.550181;0.260756;0.130040;0.050834;0.018627;0.006962;0.003645;0.003158;
0.998734;0.955501;0.886215;0.798762;0.560293;0.228677;0.098100;0.026758;0.006330;0.003159;0.002857;0.002857;
0.995456;0.936172;0.848966;0.768057;0.570536;0.265368;0.124066;0.047584;0.013154;0.003547;0.002857;0.002857;
0.999987;0.977824;0.867809;0.779197;0.543116;0.208931;0.081954;0.019416;0.003564;0.003174;0.002857;0.002857;
0.999758;0.973529;0.880275;0.792469;0.563031;0.208637;0.077230;0.020335;0.005209;0.003432;0.002985;0.002867;
0.999984;0.987943;0.882887;0.790158;0.573798;0.216570;0.084440;0.025649;0.006284;0.003334;0.002867;0.002867;
0.999682;0.973815;0.890511;0.802906;0.592082;0.236258;0.103375;0.040970;0.014647;0.006649;0.003821;0.002867;
0.996578;0.944793;0.874447;0.806635;0.595243;0.261157;0.114207;0.043383;0.014889;0.005554;0.002969;0.002867;
0.999434;0.957391;0.871500;0.803720;0.628758;0.320767;0.152798;0.057720;0.020511;0.011172;0.007083;0.004734;
0.995380;0.931587;0.869086;0.791274;0.599104;0.292622;0.140123;0.057356;0.023662;0.011529;0.006591;0.003235;
0.999236;0.966629;0.880335;0.801179;0.609052;0.282135;0.143686;0.079661;0.052882;0.044521;0.035072;0.023251;
0.998944;0.960206;0.887142;0.808700;0.601263;0.264884;0.119150;0.045340;0.012093;0.004143;0.002855;0.002842;
0.999062;0.959016;0.875443;0.795403;0.608902;0.277445;0.122046;0.040960;0.009941;0.004465;0.003050;0.002878;
0.999175;0.981517;0.875497;0.801038;0.603059;0.258280;0.108765;0.037564;0.013245;0.007692;0.002962;0.002842;
0.983100;0.939529;0.877158;0.796533;0.566653;0.231877;0.084459;0.027663;0.012931;0.008133;0.004417;0.002842;
0.999704;0.968628;0.877011;0.778567;0.576229;0.231918;0.090643;0.034859;0.011467;0.006267;0.005097;0.004391;
0.999891;0.976727;0.878937;0.799763;0.608198;0.267448;0.118929;0.052872;0.023778;0.009923;0.004362;0.002885;
0.999984;0.985537;0.885034;0.791344;0.588309;0.237314;0.092661;0.029745;0.005681;0.003242;0.002885;0.002885;
0.999355;0.974370;0.873876;0.783716;0.585502;0.226420;0.088956;0.026727;0.005465;0.004134;0.002885;0.002885;
0.982445;0.950677;0.870988;0.787270;0.592312;0.241289;0.098108;0.028242;0.003944;0.003250;0.002885;0.002885;
0.998763;0.969690;0.896791;0.822374;0.631534;0.277900;0.119669;0.041673;0.014169;0.006225;0.003291;0.002890;
0.999696;0.966398;0.900967;0.809382;0.617241;0.254964;0.110815;0.040911;0.011479;0.005915;0.002998;0.002885;
0.992398;0.961546;0.886771;0.800515;0.571957;0.241086;0.103748;0.042482;0.014527;0.004391;0.002885;0.002885;
0.990052;0.953568;0.833405;0.763507;0.574759;0.255138;0.118687;0.050035;0.020906;0.014221;0.009735;0.005480;
0.999995;0.994628;0.901495;0.814319;0.639951;0.302271;0.161112;0.093024;0.066528;0.058311;0.049352;0.037003;
0.999903;0.978136;0.879382;0.771793;0.575818;0.223139;0.086732;0.024309;0.004477;0.003535;0.002862;0.002862;
0.999316;0.974105;0.877523;0.781794;0.580398;0.231962;0.098403;0.027236;0.004952;0.003551;0.002862;0.002862;
0.998676;0.950756;0.867044;0.799562;0.622859;0.292123;0.150284;0.078662;0.044676;0.028602;0.015570;0.006526;
0.999979;0.976866;0.876132;0.787622;0.572063;0.214748;0.081462;0.024621;0.004402;0.003292;0.002862;0.002862;
0.999946;0.981685;0.875737;0.787983;0.587581;0.238111;0.100822;0.038122;0.009265;0.004119;0.002868;0.002868;
0.999831;0.973634;0.858568;0.775727;0.576015;0.230208;0.092304;0.033118;0.010335;0.005437;0.002868;0.002868;
0.986934;0.958714;0.858283;0.781323;0.584607;0.238145;0.099270;0.038413;0.018481;0.011374;0.007869;0.006099;
0.999929;0.989920;0.896712;0.801419;0.600939;0.234523;0.091964;0.029540;0.006989;0.003249;0.002869;0.002868;
0.999705;0.977530;0.876948;0.775783;0.578128;0.208054;0.072856;0.019479;0.003263;0.003146;0.002868;0.002868;
0.999999;0.994926;0.888484;0.796139;0.622795;0.262986;0.121755;0.045553;0.012858;0.004874;0.002871;0.002868;
0.999995;0.988604;0.874575;0.779661;0.627195;0.270318;0.108147;0.032892;0.005426;0.003147;0.002840;0.002840;
0.999546;0.980921;0.874861;0.794339;0.636387;0.285135;0.121366;0.043039;0.014735;0.005031;0.002840;0.002840;
0.999173;0.976935;0.897884;0.818184;0.648396;0.289324;0.138014;0.058442;0.022305;0.011795;0.004025;0.002840;
0.999913;0.980030;0.898445;0.792501;0.602079;0.238905;0.090980;0.029240;0.005022;0.003180;0.002840;0.002840;
0.999891;0.960778;0.880465;0.802728;0.648927;0.296891;0.136672;0.055449;0.018541;0.010621;0.007033;0.003976;
0.998165;0.965170;0.878975;0.791795;0.627675;0.263961;0.107880;0.044983;0.012653;0.005183;0.002842;0.002840;
0.997438;0.945852;0.887424;0.811415;0.653701;0.304142;0.147990;0.084912;0.050773;0.035595;0.011816;0.003500;
0.999907;0.981470;0.903569;0.826518;0.650673;0.266750;0.097867;0.028538;0.004383;0.003390;0.002839;0.002837;
0.999362;0.962817;0.876216;0.786394;0.644468;0.312069;0.134008;0.052396;0.013262;0.004479;0.002891;0.002837;
0.999639;0.979367;0.902197;0.810508;0.644194;0.280309;0.111408;0.045873;0.011870;0.004771;0.002839;0.002837;
0.999358;0.976586;0.873241;0.780217;0.623763;0.262867;0.107393;0.038222;0.007448;0.003354;0.002837;0.002837;
0.999830;0.972495;0.866127;0.775964;0.617744;0.251951;0.096632;0.028460;0.003234;0.003132;0.002837;0.002837;
0.997994;0.963478;0.866324;0.786604;0.643331;0.287528;0.124576;0.056844;0.023655;0.014666;0.008194;0.004401;
0.993907;0.940599;0.847743;0.779863;0.625422;0.291178;0.138111;0.063296;0.021824;0.009185;0.002946;0.002840;
0.998893;0.952209;0.866769;0.793598;0.647872;0.303519;0.144997;0.058704;0.019331;0.008532;0.004567;0.002987;
0.999773;0.974221;0.874786;0.778822;0.613012;0.255628;0.099092;0.031692;0.006765;0.003866;0.002884;0.002840;
0.999475;0.974323;0.877131;0.781517;0.625940;0.258519;0.102116;0.034223;0.007590;0.004066;0.003023;0.002840;
0.999957;0.989452;0.891311;0.806472;0.647390;0.294417;0.145111;0.075629;0.036532;0.020732;0.009809;0.003619;
0.999953;0.981889;0.882706;0.797578;0.635298;0.291650;0.133920;0.052390;0.016513;0.005741;0.002840;0.002840;
0.988015;0.963945;0.882449;0.819074;0.666006;0.339730;0.176776;0.091738;0.048931;0.028706;0.013914;0.008109;
0.999989;0.991242;0.882383;0.807294;0.640755;0.295347;0.134245;0.059098;0.017846;0.005283;0.002948;0.002877;
0.996382;0.962075;0.868721;0.800182;0.628109;0.294854;0.142855;0.067577;0.028052;0.015324;0.008151;0.003763;
0.981636;0.956598;0.864857;0.780748;0.616090;0.291342;0.140876;0.059446;0.020556;0.012845;0.005748;0.002868;
0.999995;0.993915;0.877089;0.787352;0.631008;0.274872;0.111574;0.035684;0.007743;0.004455;0.003628;0.003268;
0.998405;0.975137;0.894717;0.811496;0.650777;0.293268;0.130464;0.060025;0.026821;0.010395;0.003932;0.002858;
0.999987;0.989231;0.875866;0.795587;0.632516;0.267376;0.114715;0.043966;0.009505;0.003771;0.002848;0.002848;
0.996414;0.955856;0.889074;0.809975;0.645475;0.289282;0.130354;0.052607;0.023104;0.017233;0.010739;0.004528;
0.999906;0.982259;0.908040;0.829605;0.694628;0.367740;0.196495;0.091351;0.035412;0.015642;0.007623;0.004385;
0.999900;0.983012;0.926417;0.837888;0.646039;0.297989;0.132195;0.048850;0.014456;0.004665;0.002895;0.002848;
0.988987;0.941238;0.854677;0.777333;0.624137;0.294672;0.134385;0.055592;0.021713;0.011810;0.004138;0.002848;
0.999736;0.969980;0.874613;0.786529;0.595598;0.233976;0.090671;0.032922;0.006360;0.004641;0.003245;0.002947;
0.997387;0.965662;0.872958;0.783016;0.623031;0.265635;0.106578;0.035813;0.003617;0.003200;0.002858;0.002857;
0.999951;0.981534;0.866232;0.769430;0.601390;0.243525;0.091327;0.030488;0.003605;0.003204;0.002858;0.002858;
0.995060;0.964365;0.873688;0.785123;0.618521;0.262862;0.111814;0.043415;0.009223;0.003410;0.002870;0.002858;
0.996281;0.932725;0.852495;0.771280;0.619999;0.277848;0.119334;0.044738;0.013669;0.009571;0.005916;0.004567;
0.999987;0.990890;0.880902;0.785494;0.614255;0.246412;0.100171;0.035091;0.008358;0.004337;0.002858;0.002858;
0.999965;0.983256;0.843854;0.768344;0.608538;0.254360;0.098166;0.032917;0.010527;0.003512;0.002858;0.002858;
0.999602;0.974001;0.880669;0.800089;0.632834;0.270762;0.105892;0.037300;0.008278;0.003455;0.002858;0.002858;
0.992281;0.963121;0.886729;0.805525;0.636280;0.298963;0.150782;0.076506;0.029005;0.016974;0.007069;0.003672;
0.999601;0.970977;0.889756;0.810822;0.632504;0.271941;0.110878;0.039577;0.005792;0.003188;0.002833;0.002833;
0.999776;0.972021;0.867626;0.779233;0.610170;0.246992;0.091694;0.028280;0.004142;0.003539;0.002843;0.002833;
0.999628;0.965919;0.864535;0.770264;0.614684;0.247459;0.089199;0.026676;0.003234;0.003192;0.002833;0.002833;
0.999822;0.968729;0.861081;0.778901;0.622680;0.257992;0.101207;0.033625;0.006492;0.003355;0.002833;0.002833;
0.999582;0.979672;0.878725;0.792810;0.643091;0.293525;0.130794;0.055217;0.021237;0.006385;0.002833;0.002833;
0.999986;0.996432;0.915417;0.831137;0.667045;0.330354;0.166022;0.090136;0.049294;0.031041;0.022291;0.015353;
0.995125;0.950520;0.859896;0.772625;0.614315;0.285066;0.114950;0.037745;0.006152;0.003219;0.002877;0.002877;
0.994671;0.947537;0.842510;0.777524;0.623869;0.282198;0.126085;0.046206;0.008198;0.003319;0.002877;0.002877;
0.993289;0.978475;0.897536;0.813566;0.655273;0.296768;0.137929;0.065668;0.029412;0.013261;0.005332;0.003021;
0.990277;0.956497;0.896468;0.823342;0.649656;0.306727;0.138681;0.061290;0.019202;0.004728;0.002877;0.002877;
0.986015;0.935114;0.879697;0.798364;0.609638;0.267540;0.112760;0.037306;0.007473;0.003535;0.002877;0.002877;
0.988110;0.947788;0.892968;0.816087;0.635181;0.310319;0.157447;0.070935;0.031374;0.015754;0.007470;0.003290;
0.987588;0.954021;0.886617;0.793006;0.574061;0.235771;0.108890;0.045282;0.018761;0.009607;0.004091;0.002854;
0.999191;0.971668;0.888096;0.787330;0.588618;0.236880;0.108652;0.050864;0.025616;0.017716;0.008060;0.003802;
0.984319;0.932979;0.847870;0.756243;0.539582;0.226840;0.090373;0.037733;0.013834;0.007478;0.004328;0.002854;
0.999870;0.970417;0.887742;0.808462;0.632005;0.275296;0.121593;0.049108;0.021578;0.014741;0.008797;0.005694;
0.999966;0.984631;0.900283;0.826957;0.652448;0.277678;0.116209;0.035956;0.004232;0.003223;0.002854;0.002854;
0.998993;0.980651;0.901587;0.812326;0.637446;0.295514;0.131640;0.051283;0.012048;0.005276;0.003331;0.003031;
0.997622;0.961163;0.884652;0.787416;0.611390;0.257044;0.107475;0.033866;0.003796;0.003067;0.002840;0.002840;
0.999773;0.967504;0.860346;0.777347;0.612106;0.248581;0.094057;0.029952;0.003607;0.003129;0.002842;0.002840;
0.999997;0.992159;0.902648;0.802478;0.638305;0.288726;0.146879;0.089410;0.059489;0.049659;0.041179;0.029063;
0.999946;0.979502;0.896737;0.810860;0.658073;0.321791;0.163502;0.077728;0.031466;0.014770;0.007237;0.003847;
0.992911;0.961968;0.871765;0.791072;0.627771;0.284612;0.141072;0.072932;0.034804;0.015847;0.006434;0.004457;
0.996694;0.955295;0.874327;0.790838;0.618610;0.259392;0.110754;0.042348;0.008023;0.004272;0.003103;0.002928;
0.996852;0.964948;0.904622;0.832247;0.674443;0.331341;0.177515;0.087772;0.039260;0.016096;0.004370;0.003145;
0.999000;0.980505;0.921480;0.838852;0.662855;0.322743;0.170762;0.090009;0.048324;0.028832;0.016306;0.008945;
0.995553;0.968024;0.893265;0.792237;0.606461;0.241750;0.094041;0.029590;0.003407;0.003124;0.002811;0.002811;
0.999920;0.977792;0.873172;0.785442;0.620420;0.248101;0.097846;0.033420;0.007028;0.003818;0.002811;0.002811;
0.992313;0.949929;0.879470;0.800636;0.650599;0.313102;0.140972;0.056825;0.018804;0.005724;0.002937;0.002866;
0.987571;0.938085;0.887943;0.812003;0.666519;0.332027;0.164625;0.083141;0.039655;0.027513;0.017533;0.009370;
0.997396;0.966482;0.896794;0.806085;0.647866;0.297457;0.128467;0.054196;0.018448;0.006428;0.004042;0.003283;
0.961804;0.908360;0.845302;0.761512;0.553520;0.240265;0.112863;0.043827;0.012435;0.003340;0.002809;0.002809;
0.999785;0.983003;0.924390;0.842208;0.641563;0.293599;0.147968;0.076667;0.041299;0.027667;0.016383;0.009575;
0.999721;0.965757;0.877807;0.793567;0.598387;0.248299;0.103064;0.036248;0.008038;0.003539;0.002816;0.002809;
0.999453;0.965203;0.860536;0.792772;0.587095;0.249501;0.107568;0.036914;0.009018;0.004448;0.002809;0.002809;
0.999895;0.971867;0.873478;0.785710;0.578901;0.231635;0.091204;0.027970;0.005116;0.003199;0.002809;0.002809;
0.999964;0.985931;0.881762;0.799451;0.600646;0.241563;0.093304;0.028932;0.009757;0.005609;0.002811;0.002811;
0.999728;0.973592;0.855572;0.780983;0.586364;0.228350;0.097721;0.033203;0.005037;0.003141;0.002811;0.002811;
0.998397;0.965412;0.874143;0.784000;0.583786;0.238413;0.096430;0.029775;0.005177;0.003178;0.002811;0.002811;
0.997750;0.964605;0.851326;0.767623;0.586450;0.240248;0.107172;0.054111;0.034328;0.029005;0.023736;0.017924;
0.999734;0.984742;0.897714;0.801451;0.598641;0.235539;0.101457;0.037907;0.012058;0.004379;0.002811;0.002811;
0.999958;0.980220;0.870439;0.785655;0.580310;0.216765;0.083001;0.022192;0.003676;0.003176;0.002811;0.002811;
0.999755;0.985851;0.903383;0.797909;0.589619;0.224384;0.082969;0.022564;0.004188;0.003087;0.002830;0.002830;
0.998728;0.971115;0.912206;0.837456;0.667495;0.315884;0.138112;0.057644;0.025735;0.016500;0.010735;0.006459;
0.996896;0.965412;0.898420;0.833803;0.665204;0.360195;0.180778;0.078306;0.025653;0.006619;0.002839;0.002830;
0.999563;0.967337;0.904615;0.832024;0.632349;0.305203;0.162782;0.093876;0.055704;0.038994;0.026442;0.016930;
0.999969;0.981162;0.891177;0.802542;0.600102;0.273643;0.105585;0.037056;0.011911;0.006459;0.003645;0.002830;
0.994731;0.975179;0.886017;0.797369;0.609575;0.277938;0.113384;0.035616;0.006953;0.004299;0.002926;0.002830;
0.999215;0.968308;0.903969;0.821334;0.640578;0.289541;0.130494;0.044337;0.008148;0.003881;0.002981;0.002830;
0.989833;0.928020;0.871789;0.803087;0.618666;0.289880;0.135239;0.051684;0.014991;0.004564;0.003111;0.002852;
0.999548;0.966153;0.887956;0.791102;0.578627;0.233962;0.093742;0.030288;0.009693;0.005219;0.002820;0.002820;
0.998056;0.960715;0.878282;0.777284;0.576446;0.210973;0.079680;0.025344;0.007182;0.003970;0.002820;0.002820;
0.997657;0.965126;0.888497;0.807521;0.647957;0.313774;0.159002;0.084352;0.037747;0.023539;0.011788;0.003120;
0.999210;0.956267;0.874845;0.778580;0.603305;0.241086;0.098458;0.030816;0.006627;0.005114;0.003248;0.002908;
0.998597;0.973500;0.883882;0.800636;0.636763;0.272803;0.108404;0.036206;0.011208;0.007794;0.004403;0.002821;
0.999949;0.984222;0.875792;0.768328;0.606675;0.227349;0.081125;0.024102;0.003205;0.003089;0.002830;0.002830;
0.998803;0.964054;0.882310;0.804865;0.650681;0.293464;0.128410;0.053066;0.015827;0.006454;0.003356;0.002830;
0.995033;0.933854;0.860446;0.790674;0.632870;0.293318;0.135454;0.067917;0.036372;0.023360;0.015213;0.010246;
0.999564;0.968522;0.860058;0.776759;0.611245;0.267700;0.108033;0.039966;0.011785;0.004248;0.002830;0.002830;
0.999648;0.977324;0.883643;0.795421;0.610208;0.239065;0.091787;0.025727;0.003992;0.003173;0.002830;0.002830;
0.999923;0.981632;0.873063;0.789475;0.633695;0.273085;0.104262;0.032287;0.005025;0.003187;0.002830;0.002830;
0.998477;0.957050;0.850710;0.773589;0.615666;0.268283;0.108122;0.037818;0.003515;0.003121;0.002805;0.002805;
0.999774;0.981859;0.888406;0.804018;0.641719;0.284493;0.111861;0.037250;0.005884;0.003146;0.002805;0.002805;
0.999570;0.976439;0.883914;0.787974;0.632335;0.266701;0.100617;0.034570;0.007393;0.004275;0.002930;0.002805;
0.963772;0.913661;0.833122;0.751755;0.547416;0.206168;0.073472;0.025519;0.003541;0.003145;0.002805;0.002805;
0.999345;0.973712;0.865951;0.799779;0.660805;0.321046;0.161377;0.075257;0.028793;0.008483;0.003045;0.002805;
0.994889;0.962087;0.876469;0.782236;0.613091;0.257746;0.098842;0.031625;0.003872;0.003125;0.002807;0.002805;
0.998699;0.939656;0.860273;0.781784;0.643253;0.301531;0.136327;0.061892;0.025847;0.011026;0.004937;0.003370;
0.999243;0.971686;0.870411;0.775385;0.610394;0.256196;0.088530;0.029792;0.006030;0.003619;0.002848;0.002848;
0.990765;0.935868;0.856867;0.776982;0.623440;0.279736;0.124141;0.041860;0.010049;0.004705;0.003090;0.002883;
0.997103;0.949197;0.870068;0.796329;0.632770;0.275109;0.113814;0.038301;0.007045;0.003786;0.003000;0.002848;
0.994614;0.938082;0.858964;0.791778;0.625480;0.282729;0.126641;0.048758;0.014002;0.006972;0.002848;0.002848;
0.999910;0.975698;0.884716;0.796113;0.619041;0.257638;0.107416;0.044411;0.016365;0.007796;0.002854;0.002848;
0.999938;0.982836;0.886956;0.789583;0.605825;0.231836;0.086221;0.028570;0.004978;0.003196;0.002848;0.002848;
0.998316;0.950696;0.853599;0.771143;0.615044;0.258777;0.104353;0.032674;0.007083;0.004670;0.003321;0.003148;
0.999354;0.975305;0.879964;0.800465;0.625184;0.244231;0.097234;0.037625;0.012604;0.005334;0.002920;0.002826;
0.998113;0.952996;0.847505;0.773589;0.617406;0.253350;0.093876;0.027859;0.003644;0.003322;0.002921;0.002882;
0.999929;0.982077;0.882693;0.791308;0.622000;0.239590;0.089280;0.029960;0.004960;0.003204;0.002826;0.002826;
0.994819;0.930209;0.827832;0.779301;0.643136;0.296196;0.143719;0.064832;0.032539;0.020773;0.010528;0.005469;
0.999827;0.966152;0.864023;0.800754;0.630347;0.270651;0.127619;0.060596;0.028732;0.014519;0.009059;0.003919;
0.997665;0.943900;0.838050;0.776157;0.619758;0.285295;0.124740;0.042520;0.008955;0.004945;0.002837;0.002837;
0.996872;0.931804;0.820264;0.765483;0.628652;0.285799;0.123763;0.044871;0.012113;0.005796;0.002837;0.002837;
0.975564;0.935434;0.846704;0.782916;0.619937;0.263168;0.121505;0.054071;0.022691;0.013869;0.006042;0.002837;
0.998648;0.948971;0.861596;0.798051;0.623320;0.251326;0.100628;0.031036;0.004561;0.003187;0.002837;0.002837;
0.999299;0.960605;0.845791;0.777495;0.612419;0.233843;0.090085;0.025857;0.003256;0.003188;0.002837;0.002837;
0.999419;0.951408;0.838135;0.780544;0.632385;0.301889;0.152407;0.074467;0.042650;0.036567;0.031629;0.025893;
0.999953;0.980285;0.881480;0.807508;0.626004;0.250986;0.093548;0.030020;0.005541;0.003160;0.002809;0.002809;
0.998242;0.958497;0.869452;0.802412;0.635094;0.276921;0.127664;0.058955;0.024762;0.016772;0.010987;0.005455;
0.997740;0.961964;0.867421;0.798890;0.632895;0.269169;0.113673;0.038817;0.005359;0.003602;0.003020;0.002840;
0.994281;0.932646;0.843572;0.778516;0.626854;0.276025;0.115859;0.049427;0.017639;0.007408;0.002854;0.002809;
0.998465;0.961689;0.886487;0.811558;0.650195;0.298681;0.141774;0.070975;0.032687;0.018060;0.010892;0.007320;
0.993064;0.955144;0.876915;0.808167;0.626400;0.282482;0.118420;0.049227;0.014863;0.006367;0.004687;0.003464;
0.993555;0.950635;0.882094;0.820919;0.670701;0.357699;0.195572;0.101561;0.051135;0.028952;0.015548;0.008696;
0.986745;0.942726;0.866826;0.791343;0.612946;0.299906;0.148282;0.071888;0.029205;0.013656;0.008110;0.003939;
0.999804;0.968433;0.873434;0.794977;0.623803;0.266901;0.106611;0.030598;0.004485;0.003128;0.002807;0.002807;
0.993536;0.936159;0.838856;0.773268;0.593940;0.270935;0.128641;0.050347;0.019350;0.008975;0.003088;0.002807;
0.996115;0.957635;0.868180;0.783268;0.615554;0.263270;0.107144;0.039284;0.008163;0.003188;0.002807;0.002807;
0.998092;0.958760;0.867014;0.783341;0.622934;0.246599;0.102196;0.033086;0.006374;0.004873;0.002861;0.002807;
0.999791;0.974723;0.879303;0.802091;0.643389;0.282172;0.120431;0.038757;0.007617;0.004983;0.003823;0.003305;
0.982338;0.912890;0.840538;0.772951;0.629253;0.308100;0.149402;0.066362;0.023852;0.013344;0.006178;0.004526;
0.999120;0.962631;0.878039;0.793831;0.624520;0.265739;0.110756;0.041786;0.015288;0.007713;0.003345;0.002809;
0.997808;0.960927;0.868765;0.785939;0.640806;0.292499;0.129166;0.056075;0.018231;0.005461;0.002809;0.002809;
0.996941;0.967873;0.886155;0.796469;0.624538;0.255048;0.106357;0.038672;0.010283;0.005271;0.002809;0.002809;
0.999933;0.981585;0.894368;0.812017;0.646784;0.289199;0.132980;0.050636;0.011842;0.003124;0.002809;0.002809;
0.999980;0.986046;0.889329;0.797005;0.625696;0.246334;0.092267;0.028146;0.003754;0.003147;0.002809;0.002809;
0.999885;0.971988;0.867518;0.780914;0.627469;0.256485;0.103003;0.032671;0.005567;0.003171;0.002828;0.002828;
0.999371;0.974127;0.882247;0.799507;0.644567;0.282913;0.122813;0.052225;0.017630;0.011191;0.006768;0.003559;
0.991573;0.954408;0.865592;0.786794;0.625485;0.258181;0.105625;0.040406;0.011263;0.005788;0.002830;0.002828;
0.998857;0.963997;0.861651;0.781210;0.635892;0.288135;0.120339;0.046266;0.017633;0.011768;0.006352;0.002931;
0.999884;0.978841;0.880077;0.801541;0.633164;0.265026;0.101483;0.036207;0.005378;0.003243;0.002828;0.002828;
0.979150;0.909273;0.833179;0.767714;0.595817;0.251363;0.097700;0.036101;0.007954;0.004270;0.003065;0.002914;
0.989443;0.939987;0.892502;0.839743;0.704667;0.409250;0.232150;0.111404;0.043315;0.020995;0.010559;0.003926;
0.987489;0.938311;0.854623;0.789570;0.623912;0.314410;0.156099;0.066668;0.023630;0.006890;0.003206;0.002968;
0.973830;0.903724;0.838780;0.754524;0.549548;0.265831;0.113102;0.041731;0.016644;0.007324;0.002818;0.002818;
0.993645;0.927883;0.846908;0.770151;0.572474;0.219421;0.086697;0.029599;0.009668;0.006619;0.003994;0.002816;
0.999873;0.964498;0.854956;0.789663;0.616649;0.281087;0.133439;0.061632;0.028219;0.018007;0.011063;0.004552;
0.989017;0.933409;0.863191;0.801924;0.607678;0.257688;0.125869;0.050959;0.012903;0.005927;0.003453;0.002818;
0.987393;0.951490;0.879686;0.807130;0.611265;0.266339;0.124184;0.057979;0.025629;0.011561;0.003475;0.002828;
0.999210;0.959059;0.872925;0.785130;0.588001;0.240468;0.085317;0.024009;0.003357;0.003079;0.002830;0.002828;
0.999753;0.970345;0.875760;0.794691;0.600255;0.241844;0.091964;0.027235;0.004654;0.003112;0.002830;0.002828;
0.998878;0.962091;0.879744;0.812235;0.625486;0.287192;0.133394;0.043661;0.007446;0.004112;0.002986;0.002828;
0.994446;0.936222;0.864914;0.791419;0.601528;0.244255;0.104081;0.039429;0.009949;0.004544;0.003234;0.002828;
0.984009;0.948717;0.880104;0.805701;0.610416;0.287295;0.141912;0.060269;0.026858;0.011340;0.004263;0.002892;
0.974357;0.916888;0.842002;0.774384;0.591704;0.275273;0.120515;0.041024;0.012501;0.004564;0.002829;0.002828;
0.993818;0.946010;0.861535;0.776662;0.598910;0.256106;0.108761;0.041456;0.014380;0.007985;0.003290;0.002887;
0.993870;0.959550;0.893685;0.818860;0.658666;0.314857;0.139811;0.056529;0.021790;0.009451;0.003891;0.002922;
0.999396;0.978794;0.897846;0.811189;0.628498;0.277062;0.110820;0.037613;0.010085;0.005821;0.003334;0.002803;
0.996955;0.955201;0.880793;0.805527;0.644409;0.285607;0.118328;0.038877;0.005935;0.003267;0.002803;0.002803;
0.988405;0.929187;0.868814;0.806628;0.681275;0.374118;0.196032;0.097199;0.036738;0.015590;0.006548;0.002803;
0.999312;0.968720;0.909450;0.848480;0.687474;0.368692;0.182446;0.081997;0.032048;0.013834;0.003815;0.003085;
0.997936;0.947446;0.853754;0.791212;0.606085;0.280477;0.121028;0.050422;0.010115;0.004543;0.003498;0.002987;
0.996249;0.961267;0.876769;0.814753;0.649500;0.367466;0.221762;0.158330;0.116168;0.083808;0.048686;0.017777;
0.999872;0.972572;0.868373;0.779055;0.563771;0.209375;0.084948;0.031045;0.008790;0.005951;0.003601;0.002846;
0.984447;0.948801;0.878019;0.811049;0.623588;0.297575;0.161625;0.082745;0.039664;0.022679;0.014220;0.008043;
0.996390;0.959303;0.906343;0.843823;0.676175;0.395800;0.231643;0.120015;0.059302;0.026705;0.011083;0.004295;
0.966519;0.913179;0.854883;0.770636;0.546273;0.244435;0.113505;0.047664;0.014595;0.008627;0.005448;0.002904;
0.998248;0.957988;0.888741;0.813640;0.624316;0.277236;0.122822;0.049499;0.013262;0.006433;0.002841;0.002823;
0.995664;0.929316;0.839568;0.771187;0.583444;0.248111;0.095183;0.028288;0.005579;0.003403;0.002824;0.002823;
0.997091;0.946637;0.854197;0.764736;0.582841;0.218775;0.081190;0.025479;0.005081;0.003343;0.002823;0.002822;
0.999447;0.976707;0.884094;0.788713;0.588306;0.208780;0.078062;0.021265;0.003223;0.003072;0.002823;0.002822;
0.993318;0.961923;0.879948;0.800247;0.626724;0.270388;0.122863;0.049351;0.016013;0.010971;0.005536;0.002907;
0.998271;0.962261;0.863604;0.795232;0.608645;0.270770;0.122068;0.052979;0.018407;0.009043;0.004752;0.002823;
0.996855;0.951538;0.833743;0.762788;0.601769;0.245170;0.090871;0.028780;0.004884;0.003128;0.002841;0.002840;
0.999347;0.967279;0.859566;0.780537;0.622346;0.259409;0.092403;0.028266;0.003322;0.003139;0.002840;0.002840;
0.999798;0.979004;0.865573;0.783659;0.627067;0.247510;0.092811;0.031868;0.006347;0.003212;0.002840;0.002840;
0.997692;0.956379;0.871603;0.794724;0.638241;0.266554;0.109335;0.038962;0.009162;0.003504;0.002840;0.002840;
0.987690;0.947806;0.853673;0.742396;0.566981;0.247580;0.101807;0.038804;0.013420;0.007816;0.003672;0.002840;
0.999948;0.986020;0.883446;0.813022;0.663316;0.306189;0.142105;0.062829;0.024082;0.011208;0.004111;0.002958;
0.985653;0.935625;0.864951;0.791863;0.614854;0.255666;0.110908;0.041804;0.010906;0.003177;0.002840;0.002840;
0.999167;0.975616;0.901957;0.814732;0.641880;0.275779;0.118582;0.045843;0.018304;0.007992;0.004278;0.003023;
0.985569;0.936153;0.864142;0.795828;0.617459;0.279686;0.134889;0.058625;0.021284;0.010792;0.004008;0.002811;
0.996306;0.959028;0.888320;0.827798;0.673683;0.351927;0.196389;0.107102;0.048607;0.023001;0.010952;0.006489;
0.996321;0.958663;0.871168;0.798146;0.626798;0.284880;0.125579;0.053885;0.019310;0.006585;0.003579;0.002893;
0.999681;0.949568;0.842905;0.776608;0.628190;0.308260;0.132996;0.051089;0.017815;0.010379;0.003854;0.002811;
0.998821;0.963695;0.860653;0.780487;0.624948;0.280004;0.122394;0.056507;0.019346;0.008803;0.003815;0.002859;
0.999974;0.980600;0.866598;0.785948;0.628562;0.271427;0.111314;0.043054;0.009243;0.004787;0.002809;0.002809;
0.999905;0.979690;0.878630;0.803759;0.624536;0.272456;0.114173;0.047936;0.013283;0.005867;0.002905;0.002826;
0.996992;0.968009;0.871196;0.787320;0.625597;0.274276;0.107411;0.033906;0.005018;0.003168;0.002809;0.002809;
0.999842;0.968240;0.861624;0.785226;0.638815;0.280442;0.112989;0.034388;0.004187;0.003888;0.003328;0.003163;
0.980573;0.928758;0.830576;0.769238;0.612492;0.292306;0.134079;0.046978;0.008861;0.003234;0.002809;0.002809;
0.999971;0.990251;0.888226;0.788315;0.628447;0.263674;0.114938;0.053236;0.020647;0.009153;0.002809;0.002809;
0.997526;0.953843;0.863454;0.790668;0.635318;0.267867;0.101828;0.032310;0.004314;0.003261;0.002811;0.002811;
0.999757;0.978786;0.893943;0.803360;0.636164;0.260600;0.094900;0.026965;0.003710;0.003075;0.002811;0.002811;
0.992869;0.948585;0.825137;0.760668;0.603994;0.274797;0.118954;0.055829;0.019898;0.009477;0.003842;0.003213;
0.999349;0.961744;0.854707;0.777829;0.621035;0.259201;0.100188;0.031366;0.004125;0.003136;0.002811;0.002811;
0.999185;0.964348;0.889716;0.815955;0.657640;0.283866;0.130153;0.054340;0.020969;0.010569;0.005998;0.003252;
0.998088;0.943617;0.852058;0.779124;0.615506;0.281912;0.117872;0.038468;0.007719;0.004281;0.002811;0.002811;
0.998439;0.955934;0.856362;0.794441;0.640112;0.284592;0.111007;0.035355;0.004651;0.003214;0.002830;0.002830;
0.996314;0.962221;0.871590;0.815151;0.665752;0.356695;0.196359;0.108448;0.064882;0.049750;0.036408;0.025966;
0.999711;0.969240;0.855437;0.787356;0.610969;0.245424;0.097897;0.034400;0.005450;0.003206;0.002830;0.002830;
0.998817;0.973843;0.885097;0.795001;0.628278;0.269632;0.118280;0.047160;0.016261;0.010035;0.005022;0.002830;
0.978581;0.939689;0.872743;0.800355;0.634789;0.288662;0.125257;0.041135;0.008650;0.005016;0.003553;0.002829;
0.999105;0.964224;0.867635;0.789212;0.635113;0.295423;0.130978;0.044724;0.011573;0.005877;0.003128;0.002972;
0.999783;0.972424;0.892065;0.806574;0.636956;0.264929;0.107256;0.034656;0.005556;0.003193;0.002830;0.002830;
0.995652;0.943185;0.859250;0.782439;0.620107;0.255683;0.110204;0.049549;0.016379;0.008218;0.003378;0.002820;
0.997169;0.950558;0.850945;0.773910;0.599845;0.254441;0.103451;0.034295;0.005519;0.003091;0.002820;0.002820;
0.999486;0.977142;0.873497;0.795949;0.628378;0.265341;0.114434;0.046527;0.012233;0.004975;0.002820;0.002820;
0.995243;0.962531;0.888276;0.811924;0.655625;0.309180;0.133989;0.052061;0.017133;0.010602;0.006191;0.002938;
0.998670;0.968245;0.844455;0.776571;0.616731;0.281034;0.115472;0.038021;0.005548;0.003123;0.002820;0.002820;
0.998730;0.962192;0.879144;0.804291;0.633138;0.272792;0.109170;0.038009;0.008156;0.003488;0.002820;0.002820;
0.999221;0.972079;0.874908;0.797827;0.641149;0.279882;0.114482;0.040277;0.007842;0.003873;0.002891;0.002830;
0.999977;0.980426;0.859958;0.785688;0.636239;0.272895;0.113661;0.040681;0.006783;0.004272;0.002856;0.002830;
0.996737;0.960000;0.859441;0.794362;0.632272;0.274176;0.107547;0.034982;0.006090;0.003223;0.002830;0.002830;
0.992580;0.946223;0.850406;0.782984;0.628485;0.276274;0.117921;0.041204;0.007320;0.003995;0.002873;0.002830;
0.999439;0.962726;0.869890;0.794964;0.639549;0.274087;0.115179;0.054191;0.025454;0.014285;0.005545;0.002830;
0.999715;0.972578;0.878630;0.816564;0.653827;0.285641;0.120598;0.042089;0.009431;0.003258;0.002830;0.002830;
0.996191;0.952620;0.873622;0.815570;0.665865;0.357692;0.201713;0.118045;0.081476;0.063085;0.043724;0.030025;
0.999740;0.975494;0.878185;0.794880;0.614058;0.255824;0.097949;0.028207;0.003947;0.003062;0.002805;0.002805;
0.995986;0.956963;0.843083;0.776122;0.606906;0.254395;0.107859;0.040562;0.019007;0.012928;0.006735;0.002920;
0.999990;0.987729;0.882885;0.797954;0.612070;0.239136;0.101263;0.044860;0.023522;0.017316;0.008446;0.004686;
0.999537;0.963096;0.857317;0.774202;0.602985;0.241426;0.088360;0.022361;0.003189;0.003109;0.002805;0.002805;
0.992515;0.937222;0.857451;0.785337;0.621150;0.261209;0.102591;0.032660;0.005587;0.003116;0.002805;0.002805;
0.999817;0.977568;0.872674;0.799310;0.634735;0.267193;0.115183;0.048546;0.017145;0.011600;0.006934;0.002919;
0.993389;0.945409;0.850571;0.792371;0.643606;0.286858;0.130246;0.059824;0.023422;0.008966;0.004646;0.002848;
0.997983;0.970098;0.860707;0.797566;0.621789;0.253983;0.106382;0.036719;0.007705;0.004246;0.002869;0.002848;
0.998669;0.963801;0.865471;0.792602;0.622651;0.263172;0.111427;0.048122;0.021301;0.016168;0.009908;0.004548;
0.984104;0.940368;0.839256;0.783143;0.631854;0.287674;0.136012;0.057504;0.024120;0.010781;0.004333;0.002848;
0.999112;0.956937;0.855365;0.795965;0.650008;0.290296;0.132871;0.051344;0.022193;0.017298;0.010730;0.006734;
0.997993;0.963934;0.850551;0.786336;0.619010;0.262678;0.103594;0.035114;0.006574;0.003852;0.003185;0.002862;
0.999192;0.954947;0.829731;0.773226;0.628877;0.285964;0.120680;0.044848;0.011906;0.007126;0.005023;0.003414;
0.999080;0.959136;0.850135;0.787732;0.638773;0.293734;0.130662;0.046526;0.007185;0.003110;0.002826;0.002826;
0.987294;0.929481;0.836098;0.765969;0.625271;0.293019;0.143971;0.068012;0.029451;0.016726;0.008347;0.003915;
0.999115;0.953033;0.841504;0.784583;0.631225;0.289824;0.129182;0.052656;0.016864;0.009970;0.003872;0.002875;
0.999864;0.966291;0.868176;0.800533;0.633163;0.269490;0.112686;0.045071;0.015473;0.008136;0.003964;0.002862;
0.999368;0.966995;0.860114;0.798663;0.632298;0.272674;0.116291;0.042584;0.014319;0.008006;0.003330;0.002826;
0.999643;0.968367;0.861394;0.789422;0.637619;0.294538;0.132278;0.058659;0.019976;0.014578;0.008228;0.003947;
0.995931;0.941470;0.833270;0.763137;0.609760;0.277648;0.120484;0.042477;0.008160;0.003830;0.002858;0.002858;
0.992820;0.943586;0.836338;0.782039;0.624425;0.315966;0.160974;0.087153;0.038431;0.012623;0.004408;0.003544;
0.999942;0.976251;0.862171;0.792256;0.614718;0.263395;0.123615;0.052478;0.015161;0.008034;0.005317;0.003279;
0.999963;0.980713;0.876678;0.809711;0.625965;0.268594;0.114469;0.050209;0.017215;0.008435;0.004582;0.002873;
0.999593;0.970190;0.873901;0.794204;0.624519;0.263505;0.109686;0.039541;0.011031;0.005305;0.003026;0.002858;
0.992512;0.955901;0.889970;0.825354;0.672893;0.356213;0.196533;0.096189;0.048142;0.025405;0.015727;0.009091;
0.997939;0.949008;0.864919;0.798250;0.638704;0.309772;0.139033;0.059672;0.022215;0.008621;0.003451;0.002830;
0.964172;0.883324;0.816867;0.766571;0.602383;0.296204;0.136112;0.058315;0.021227;0.007464;0.002852;0.002830;
0.995686;0.947090;0.856559;0.793147;0.596751;0.247901;0.101913;0.040451;0.010550;0.004821;0.002900;0.002830;
0.990158;0.931654;0.859169;0.798367;0.606179;0.273788;0.128282;0.047973;0.018567;0.008729;0.004072;0.002839;
0.999473;0.969759;0.878462;0.819637;0.621925;0.267708;0.123122;0.042185;0.009424;0.004566;0.002843;0.002830;
0.987729;0.939377;0.847936;0.781436;0.582210;0.260430;0.124344;0.051033;0.018238;0.006571;0.003589;0.003334;
0.971468;0.909154;0.821146;0.761469;0.582083;0.261724;0.117011;0.042706;0.019230;0.014659;0.008607;0.002942;
0.982305;0.957773;0.852095;0.773773;0.607280;0.243890;0.099891;0.028471;0.004085;0.003575;0.003015;0.002836;
0.984447;0.919707;0.834406;0.773907;0.636061;0.270339;0.104239;0.034120;0.007348;0.003230;0.002829;0.002827;
0.996526;0.957603;0.850518;0.783387;0.625005;0.256243;0.111381;0.042711;0.011935;0.007559;0.004304;0.002827;
0.996827;0.973060;0.862741;0.791326;0.627406;0.260156;0.111458;0.047539;0.015620;0.007603;0.004838;0.003056;
0.997567;0.965892;0.861374;0.791281;0.633766;0.275136;0.126419;0.048473;0.011770;0.004359;0.002828;0.002828;
0.995247;0.970873;0.844251;0.775971;0.617665;0.254976;0.101017;0.033545;0.012202;0.008531;0.003865;0.003044;
0.983174;0.932502;0.821098;0.765181;0.608715;0.269932;0.123295;0.048839;0.011811;0.004048;0.002831;0.002830;
0.999786;0.979993;0.897744;0.844429;0.671629;0.291438;0.128675;0.051535;0.015755;0.008075;0.003384;0.002830;
0.973427;0.938466;0.843033;0.780164;0.619671;0.300904;0.149977;0.068367;0.030000;0.013825;0.006521;0.004290;
0.991452;0.950826;0.846746;0.784827;0.613473;0.252408;0.102099;0.033901;0.006811;0.003735;0.002830;0.002830;
0.999045;0.971926;0.877491;0.800277;0.645575;0.278503;0.115498;0.032350;0.004766;0.003169;0.002830;0.002830;
0.995599;0.973479;0.875480;0.793244;0.634074;0.265092;0.107304;0.033443;0.005015;0.003183;0.002848;0.002848;
0.997567;0.962049;0.871560;0.794858;0.647588;0.273151;0.107333;0.031110;0.003727;0.003188;0.002848;0.002848;
0.992536;0.931717;0.840200;0.768516;0.623532;0.286475;0.124491;0.052891;0.020432;0.009066;0.004268;0.002916;
0.999807;0.967167;0.848852;0.785698;0.640592;0.281379;0.116208;0.036376;0.007100;0.003234;0.002848;0.002848;
0.999651;0.976510;0.856046;0.777284;0.597094;0.254719;0.107982;0.040940;0.008355;0.004392;0.003123;0.002883;
0.995462;0.972361;0.860084;0.789542;0.633403;0.299724;0.148628;0.077387;0.035013;0.018257;0.007442;0.003379;
0.999291;0.982974;0.886885;0.803917;0.642006;0.280793;0.122599;0.045480;0.013696;0.006389;0.003051;0.002839;
0.999920;0.981896;0.901772;0.830768;0.689416;0.348585;0.180514;0.089742;0.042327;0.017066;0.006772;0.003432;
0.996695;0.956947;0.854607;0.790033;0.598160;0.290243;0.132197;0.056059;0.021472;0.008967;0.002935;0.002839;
0.985374;0.937708;0.843493;0.785275;0.623672;0.280215;0.120432;0.038502;0.011755;0.004413;0.002839;0.002839;
0.997906;0.946742;0.862223;0.798685;0.640192;0.283142;0.118407;0.043994;0.013651;0.009051;0.006768;0.005375;
0.998880;0.944286;0.853164;0.787374;0.613988;0.258014;0.107789;0.038679;0.008582;0.003410;0.002839;0.002839;
0.998836;0.956132;0.866528;0.806236;0.636410;0.272322;0.122699;0.048817;0.015974;0.008018;0.004997;0.002853;
0.985787;0.944372;0.868345;0.793688;0.634108;0.288674;0.145359;0.077220;0.044895;0.031030;0.012310;0.003851;
0.999621;0.980421;0.889987;0.823609;0.674685;0.331947;0.164801;0.074580;0.028452;0.011162;0.006943;0.004044;
0.998057;0.951304;0.837666;0.763190;0.603640;0.254858;0.111725;0.048657;0.018175;0.008306;0.003237;0.002871;
0.998862;0.980270;0.878521;0.802051;0.644452;0.293086;0.148359;0.079896;0.050646;0.045856;0.041123;0.035026;
0.999391;0.970747;0.870476;0.797547;0.636923;0.285547;0.128893;0.060814;0.021303;0.005089;0.002924;0.002847;
0.998994;0.958698;0.872223;0.798084;0.645053;0.282938;0.112993;0.036457;0.005774;0.003141;0.002848;0.002848;
0.999731;0.966784;0.866315;0.808219;0.664625;0.331064;0.166504;0.081291;0.030756;0.013099;0.004544;0.003070;
0.999486;0.957174;0.850789;0.801198;0.654424;0.337681;0.167108;0.072280;0.024304;0.010230;0.004862;0.002823;
0.992121;0.949212;0.860881;0.806407;0.639348;0.346201;0.177270;0.087572;0.041050;0.014774;0.007330;0.003867;
0.987145;0.939199;0.865084;0.807081;0.653127;0.354164;0.174821;0.076853;0.029060;0.011192;0.005052;0.003147;
0.996285;0.954236;0.854270;0.784380;0.609237;0.289129;0.122375;0.035977;0.005913;0.004603;0.003671;0.002849;
0.996664;0.949850;0.844087;0.780718;0.608262;0.264007;0.106915;0.037819;0.009400;0.006318;0.004787;0.003130;
0.991678;0.944959;0.862695;0.794168;0.638760;0.301044;0.150934;0.071569;0.027006;0.011789;0.006951;0.003530;
0.999820;0.975481;0.875337;0.804746;0.636724;0.266800;0.111041;0.041523;0.012041;0.006443;0.003381;0.002867;
0.991883;0.943108;0.890583;0.842077;0.708216;0.401723;0.247639;0.157321;0.096785;0.060443;0.025017;0.005204;
0.999173;0.972238;0.917522;0.849848;0.651168;0.305119;0.138530;0.060558;0.023052;0.012152;0.006238;0.003274;
0.999571;0.971976;0.877514;0.805246;0.593360;0.247696;0.101224;0.034268;0.007318;0.003388;0.002867;0.002867;
0.999460;0.961458;0.861207;0.779905;0.585977;0.235213;0.086406;0.025335;0.004329;0.003307;0.002923;0.002867;
0.998696;0.976391;0.856992;0.787297;0.601067;0.247016;0.098081;0.026317;0.004942;0.003152;0.002844;0.002844;
0.998737;0.966115;0.864620;0.797007;0.619549;0.245439;0.098741;0.034814;0.006847;0.003150;0.002844;0.002844;
0.996543;0.964104;0.851968;0.790085;0.661929;0.333460;0.168802;0.082841;0.039572;0.024172;0.013270;0.006032;
0.997276;0.939143;0.851831;0.793615;0.613606;0.292493;0.120544;0.045160;0.015176;0.010026;0.005399;0.002844;
0.999997;0.990872;0.885397;0.799995;0.639201;0.277327;0.113477;0.041368;0.009826;0.003881;0.002975;0.002844;
0.999801;0.972295;0.864400;0.791436;0.628046;0.269473;0.119913;0.056212;0.021484;0.012314;0.006558;0.002844;
0.999905;0.984819;0.884922;0.802643;0.622299;0.271252;0.109847;0.043005;0.014531;0.006543;0.002909;0.002847;
0.999122;0.964868;0.868829;0.796742;0.633148;0.278997;0.128704;0.058346;0.020383;0.011350;0.006300;0.003571;
0.972109;0.923984;0.840441;0.772874;0.581598;0.250842;0.103949;0.038136;0.007496;0.003188;0.002848;0.002848;
0.993810;0.955545;0.859629;0.792398;0.642410;0.289397;0.127270;0.053770;0.013989;0.004833;0.003016;0.002906;
0.997727;0.959725;0.860337;0.801617;0.643726;0.291285;0.128395;0.049109;0.017284;0.005292;0.003298;0.002884;
0.993665;0.959222;0.884748;0.824195;0.659332;0.309694;0.143238;0.061343;0.023199;0.015573;0.007395;0.002848;
0.990690;0.952262;0.867206;0.799418;0.614042;0.271882;0.121819;0.042541;0.016517;0.009620;0.003303;0.002848;
0.998044;0.957448;0.851825;0.782215;0.612617;0.253008;0.102522;0.032783;0.007037;0.004269;0.003460;0.003071;
0.999331;0.953759;0.864327;0.790565;0.623384;0.263531;0.109696;0.040991;0.012722;0.007093;0.003253;0.002820;
0.999988;0.983333;0.868841;0.795871;0.649986;0.288882;0.117733;0.036204;0.006049;0.003427;0.002820;0.002820;
0.999996;0.993930;0.895652;0.834112;0.688828;0.338982;0.163427;0.075860;0.030055;0.010829;0.004880;0.003825;
0.987986;0.944504;0.877145;0.818336;0.630416;0.326513;0.156668;0.070992;0.030786;0.018266;0.011004;0.005087;
0.998894;0.950590;0.876997;0.817308;0.643206;0.328465;0.160239;0.071698;0.030058;0.017751;0.011698;0.006956;
0.999928;0.966297;0.868446;0.807446;0.619768;0.289043;0.132272;0.050982;0.014927;0.006516;0.002820;0.002818;
0.999893;0.962305;0.852510;0.790410;0.605055;0.270967;0.114794;0.043300;0.014232;0.006710;0.003485;0.002947;
0.995472;0.950363;0.867333;0.800675;0.632668;0.274260;0.114854;0.042045;0.015000;0.008945;0.003568;0.002817;
0.974637;0.931185;0.855789;0.802667;0.636694;0.342517;0.181543;0.091988;0.045072;0.023292;0.007297;0.003218;
0.994161;0.948635;0.845933;0.776774;0.572222;0.257210;0.110687;0.046873;0.018713;0.010905;0.005520;0.002863;
0.993681;0.949628;0.863410;0.810407;0.638597;0.330183;0.182550;0.101176;0.054918;0.027680;0.008423;0.002900;
0.999909;0.984289;0.889393;0.810330;0.615685;0.261555;0.118107;0.043857;0.012850;0.004070;0.002820;0.002820;
0.974238;0.928210;0.845905;0.763612;0.542272;0.203175;0.075873;0.021605;0.003615;0.003210;0.002848;0.002820;
0.994013;0.968755;0.856906;0.789650;0.613712;0.276146;0.120768;0.055865;0.027286;0.019339;0.014273;0.008701;
0.999865;0.965882;0.834322;0.774038;0.594754;0.262737;0.112048;0.036035;0.006562;0.003723;0.002822;0.002820;
0.999949;0.988166;0.873870;0.803344;0.610775;0.267167;0.135013;0.076658;0.047803;0.036807;0.029619;0.022376;
0.999972;0.986228;0.876472;0.802466;0.608366;0.243548;0.093867;0.029812;0.006567;0.004072;0.002872;0.002820;
0.998996;0.968573;0.869721;0.802751;0.648338;0.317365;0.155987;0.070479;0.027981;0.013138;0.006835;0.003298;
0.999855;0.976642;0.858522;0.779593;0.616553;0.257171;0.102733;0.031612;0.005638;0.003431;0.002839;0.002839;
0.982238;0.912450;0.846006;0.792507;0.640104;0.343602;0.186092;0.098865;0.045066;0.017788;0.005450;0.002839;
0.994358;0.955203;0.877217;0.806633;0.619032;0.297969;0.151790;0.077733;0.029535;0.010462;0.003701;0.002839;
